file_path,label,subject_name,timestamp,image_name,annotation_name,label_index,split
/Users/charleneleung/Documents/dkfz/data/Cat_Pig/Cat_atlas_deox/Cat_0007_kidney_deox/data/P080_OP044_2021_02_14_Experiment1/2021_02_14_14_35_38/_hypergui_1/spectrum_fromCSV1_(500.0-995.0)_masked_data_0_derivative.csv,deox,P080,2021_02_14_14_35_38,P080#2021_02_14_14_35_38#CSV1,csv_spectrum,0,train
/Users/charleneleung/Documents/dkfz/data/Cat_Pig/Cat_atlas_deox/Cat_0007_kidney_deox/data/P080_OP044_2021_02_14_Experiment1/2021_02_14_14_35_38/_hypergui_1/spectrum_fromCSV5_(500.0-995.0)_masked_data_0_derivative.csv,deox,P080,2021_02_14_14_35_38,P080#2021_02_14_14_35_38#CSV5,csv_spectrum,0,train
/Users/charleneleung/Documents/dkfz/data/Cat_Pig/Cat_atlas_deox/Cat_0007_kidney_deox/data/P080_OP044_2021_02_14_Experiment1/2021_02_14_14_35_54/_hypergui_1/spectrum_fromCSV1_(500.0-995.0)_masked_data_0_derivative.csv,deox,P080,2021_02_14_14_35_54,P080#2021_02_14_14_35_54#CSV1,csv_spectrum,0,train
/Users/charleneleung/Documents/dkfz/data/Cat_Pig/Cat_atlas_deox/Cat_0007_kidney_deox/data/P080_OP044_2021_02_14_Experiment1/2021_02_14_14_35_54/_hypergui_1/spectrum_fromCSV5_(500.0-995.0)_masked_data_0_derivative.csv,deox,P080,2021_02_14_14_35_54,P080#2021_02_14_14_35_54#CSV5,csv_spectrum,0,train
/Users/charleneleung/Documents/dkfz/data/Cat_Pig/Cat_atlas_deox/Cat_0007_kidney_deox/data/P080_OP044_2021_02_14_Experiment1/2021_02_14_14_36_10/_hypergui_1/spectrum_fromCSV1_(500.0-995.0)_masked_data_0_derivative.csv,deox,P080,2021_02_14_14_36_10,P080#2021_02_14_14_36_10#CSV1,csv_spectrum,0,train
/Users/charleneleung/Documents/dkfz/data/Cat_Pig/Cat_atlas_deox/Cat_0007_kidney_deox/data/P080_OP044_2021_02_14_Experiment1/2021_02_14_14_36_10/_hypergui_1/spectrum_fromCSV5_(500.0-995.0)_masked_data_0_derivative.csv,deox,P080,2021_02_14_14_36_10,P080#2021_02_14_14_36_10#CSV5,csv_spectrum,0,train
/Users/charleneleung/Documents/dkfz/data/Cat_Pig/Cat_atlas_deox/Cat_0007_kidney_deox/data/P080_OP044_2021_02_14_Experiment1/2021_02_14_14_58_13/_hypergui_1/spectrum_fromCSV1_(500.0-995.0)_masked_data_0_derivative.csv,deox,P080,2021_02_14_14_58_13,P080#2021_02_14_14_58_13#CSV1,csv_spectrum,0,train
/Users/charleneleung/Documents/dkfz/data/Cat_Pig/Cat_atlas_deox/Cat_0007_kidney_deox/data/P080_OP044_2021_02_14_Experiment1/2021_02_14_14_58_13/_hypergui_1/spectrum_fromCSV5_(500.0-995.0)_masked_data_0_derivative.csv,deox,P080,2021_02_14_14_58_13,P080#2021_02_14_14_58_13#CSV5,csv_spectrum,0,train
/Users/charleneleung/Documents/dkfz/data/Cat_Pig/Cat_atlas_deox/Cat_0007_kidney_deox/data/P080_OP044_2021_02_14_Experiment1/2021_02_14_14_58_43/_hypergui_1/spectrum_fromCSV1_(500.0-995.0)_masked_data_0_derivative.csv,deox,P080,2021_02_14_14_58_43,P080#2021_02_14_14_58_43#CSV1,csv_spectrum,0,train
/Users/charleneleung/Documents/dkfz/data/Cat_Pig/Cat_atlas_deox/Cat_0007_kidney_deox/data/P080_OP044_2021_02_14_Experiment1/2021_02_14_14_58_43/_hypergui_1/spectrum_fromCSV5_(500.0-995.0)_masked_data_0_derivative.csv,deox,P080,2021_02_14_14_58_43,P080#2021_02_14_14_58_43#CSV5,csv_spectrum,0,train
/Users/charleneleung/Documents/dkfz/data/Cat_Pig/Cat_atlas_deox/Cat_0007_kidney_deox/data/P080_OP044_2021_02_14_Experiment1/2021_02_14_14_59_14/_hypergui_1/spectrum_fromCSV1_(500.0-995.0)_masked_data_0_derivative.csv,deox,P080,2021_02_14_14_59_14,P080#2021_02_14_14_59_14#CSV1,csv_spectrum,0,train
/Users/charleneleung/Documents/dkfz/data/Cat_Pig/Cat_atlas_deox/Cat_0007_kidney_deox/data/P080_OP044_2021_02_14_Experiment1/2021_02_14_14_59_14/_hypergui_1/spectrum_fromCSV5_(500.0-995.0)_masked_data_0_derivative.csv,deox,P080,2021_02_14_14_59_14,P080#2021_02_14_14_59_14#CSV5,csv_spectrum,0,train
/Users/charleneleung/Documents/dkfz/data/Cat_Pig/Cat_atlas_deox/Cat_0007_kidney_deox/data/P080_OP044_2021_02_14_Experiment1/2021_02_14_14_59_44/_hypergui_1/spectrum_fromCSV1_(500.0-995.0)_masked_data_0_derivative.csv,deox,P080,2021_02_14_14_59_44,P080#2021_02_14_14_59_44#CSV1,csv_spectrum,0,train
/Users/charleneleung/Documents/dkfz/data/Cat_Pig/Cat_atlas_deox/Cat_0007_kidney_deox/data/P080_OP044_2021_02_14_Experiment1/2021_02_14_14_59_44/_hypergui_1/spectrum_fromCSV5_(500.0-995.0)_masked_data_0_derivative.csv,deox,P080,2021_02_14_14_59_44,P080#2021_02_14_14_59_44#CSV5,csv_spectrum,0,train
/Users/charleneleung/Documents/dkfz/data/Cat_Pig/Cat_atlas_deox/Cat_0007_kidney_deox/data/P080_OP044_2021_02_14_Experiment1/2021_02_14_16_19_16/_hypergui_1/spectrum_fromCSV1_(500.0-995.0)_masked_data_0_derivative.csv,deox,P080,2021_02_14_16_19_16,P080#2021_02_14_16_19_16#CSV1,csv_spectrum,0,train
/Users/charleneleung/Documents/dkfz/data/Cat_Pig/Cat_atlas_deox/Cat_0007_kidney_deox/data/P080_OP044_2021_02_14_Experiment1/2021_02_14_16_19_16/_hypergui_1/spectrum_fromCSV5_(500.0-995.0)_masked_data_0_derivative.csv,deox,P080,2021_02_14_16_19_16,P080#2021_02_14_16_19_16#CSV5,csv_spectrum,0,train
/Users/charleneleung/Documents/dkfz/data/Cat_Pig/Cat_atlas_deox/Cat_0007_kidney_deox/data/P080_OP044_2021_02_14_Experiment1/2021_02_14_16_19_46/_hypergui_1/spectrum_fromCSV1_(500.0-995.0)_masked_data_0_derivative.csv,deox,P080,2021_02_14_16_19_46,P080#2021_02_14_16_19_46#CSV1,csv_spectrum,0,train
/Users/charleneleung/Documents/dkfz/data/Cat_Pig/Cat_atlas_deox/Cat_0007_kidney_deox/data/P080_OP044_2021_02_14_Experiment1/2021_02_14_16_19_46/_hypergui_1/spectrum_fromCSV5_(500.0-995.0)_masked_data_0_derivative.csv,deox,P080,2021_02_14_16_19_46,P080#2021_02_14_16_19_46#CSV5,csv_spectrum,0,train
/Users/charleneleung/Documents/dkfz/data/Cat_Pig/Cat_atlas_deox/Cat_0007_kidney_deox/data/P080_OP044_2021_02_14_Experiment1/2021_02_14_16_20_16/_hypergui_1/spectrum_fromCSV1_(500.0-995.0)_masked_data_0_derivative.csv,deox,P080,2021_02_14_16_20_16,P080#2021_02_14_16_20_16#CSV1,csv_spectrum,0,train
/Users/charleneleung/Documents/dkfz/data/Cat_Pig/Cat_atlas_deox/Cat_0007_kidney_deox/data/P080_OP044_2021_02_14_Experiment1/2021_02_14_16_20_16/_hypergui_1/spectrum_fromCSV5_(500.0-995.0)_masked_data_0_derivative.csv,deox,P080,2021_02_14_16_20_16,P080#2021_02_14_16_20_16#CSV5,csv_spectrum,0,train
/Users/charleneleung/Documents/dkfz/data/Cat_Pig/Cat_atlas_deox/Cat_0007_kidney_deox/data/P080_OP044_2021_02_14_Experiment1/2021_02_14_16_32_08/_hypergui_1/spectrum_fromCSV1_(500.0-995.0)_masked_data_0_derivative.csv,deox,P080,2021_02_14_16_32_08,P080#2021_02_14_16_32_08#CSV1,csv_spectrum,0,train
/Users/charleneleung/Documents/dkfz/data/Cat_Pig/Cat_atlas_deox/Cat_0007_kidney_deox/data/P080_OP044_2021_02_14_Experiment1/2021_02_14_16_32_08/_hypergui_1/spectrum_fromCSV5_(500.0-995.0)_masked_data_0_derivative.csv,deox,P080,2021_02_14_16_32_08,P080#2021_02_14_16_32_08#CSV5,csv_spectrum,0,train
/Users/charleneleung/Documents/dkfz/data/Cat_Pig/Cat_atlas_deox/Cat_0007_kidney_deox/data/P080_OP044_2021_02_14_Experiment1/2021_02_14_16_32_39/_hypergui_1/spectrum_fromCSV1_(500.0-995.0)_masked_data_0_derivative.csv,deox,P080,2021_02_14_16_32_39,P080#2021_02_14_16_32_39#CSV1,csv_spectrum,0,train
/Users/charleneleung/Documents/dkfz/data/Cat_Pig/Cat_atlas_deox/Cat_0007_kidney_deox/data/P080_OP044_2021_02_14_Experiment1/2021_02_14_16_32_39/_hypergui_1/spectrum_fromCSV5_(500.0-995.0)_masked_data_0_derivative.csv,deox,P080,2021_02_14_16_32_39,P080#2021_02_14_16_32_39#CSV5,csv_spectrum,0,train
/Users/charleneleung/Documents/dkfz/data/Cat_Pig/Cat_atlas_deox/Cat_0007_kidney_deox/data/P080_OP044_2021_02_14_Experiment1/2021_02_14_16_33_09/_hypergui_1/spectrum_fromCSV1_(500.0-995.0)_masked_data_0_derivative.csv,deox,P080,2021_02_14_16_33_09,P080#2021_02_14_16_33_09#CSV1,csv_spectrum,0,train
/Users/charleneleung/Documents/dkfz/data/Cat_Pig/Cat_atlas_deox/Cat_0007_kidney_deox/data/P080_OP044_2021_02_14_Experiment1/2021_02_14_16_33_09/_hypergui_1/spectrum_fromCSV5_(500.0-995.0)_masked_data_0_derivative.csv,deox,P080,2021_02_14_16_33_09,P080#2021_02_14_16_33_09#CSV5,csv_spectrum,0,train
/Users/charleneleung/Documents/dkfz/data/Cat_Pig/Cat_atlas_deox/Cat_0007_kidney_deox/data/P080_OP044_2021_02_14_Experiment1/2021_02_14_17_20_10/_hypergui_1/spectrum_fromCSV1_(500.0-995.0)_masked_data_0_derivative.csv,deox,P080,2021_02_14_17_20_10,P080#2021_02_14_17_20_10#CSV1,csv_spectrum,0,train
/Users/charleneleung/Documents/dkfz/data/Cat_Pig/Cat_atlas_deox/Cat_0007_kidney_deox/data/P080_OP044_2021_02_14_Experiment1/2021_02_14_17_20_10/_hypergui_1/spectrum_fromCSV5_(500.0-995.0)_masked_data_0_derivative.csv,deox,P080,2021_02_14_17_20_10,P080#2021_02_14_17_20_10#CSV5,csv_spectrum,0,train
/Users/charleneleung/Documents/dkfz/data/Cat_Pig/Cat_atlas_deox/Cat_0007_kidney_deox/data/P080_OP044_2021_02_14_Experiment1/2021_02_14_17_20_33/_hypergui_1/spectrum_fromCSV1_(500.0-995.0)_masked_data_0_derivative.csv,deox,P080,2021_02_14_17_20_33,P080#2021_02_14_17_20_33#CSV1,csv_spectrum,0,train
/Users/charleneleung/Documents/dkfz/data/Cat_Pig/Cat_atlas_deox/Cat_0007_kidney_deox/data/P080_OP044_2021_02_14_Experiment1/2021_02_14_17_20_33/_hypergui_1/spectrum_fromCSV5_(500.0-995.0)_masked_data_0_derivative.csv,deox,P080,2021_02_14_17_20_33,P080#2021_02_14_17_20_33#CSV5,csv_spectrum,0,train
/Users/charleneleung/Documents/dkfz/data/Cat_Pig/Cat_atlas_deox/Cat_0007_kidney_deox/data/P080_OP044_2021_02_14_Experiment1/2021_02_14_17_21_00/_hypergui_1/spectrum_fromCSV1_(500.0-995.0)_masked_data_0_derivative.csv,deox,P080,2021_02_14_17_21_00,P080#2021_02_14_17_21_00#CSV1,csv_spectrum,0,train
/Users/charleneleung/Documents/dkfz/data/Cat_Pig/Cat_atlas_deox/Cat_0007_kidney_deox/data/P080_OP044_2021_02_14_Experiment1/2021_02_14_17_21_00/_hypergui_1/spectrum_fromCSV5_(500.0-995.0)_masked_data_0_derivative.csv,deox,P080,2021_02_14_17_21_00,P080#2021_02_14_17_21_00#CSV5,csv_spectrum,0,train
/Users/charleneleung/Documents/dkfz/data/Cat_Pig/Cat_atlas_deox/Cat_0007_kidney_deox/data/P086_OP050_2021_04_15_Experiment1/2021_04_15_13_39_06/_hypergui_1/spectrum_fromCSV1_(500.0-995.0)_masked_data_0_derivative.csv,deox,P086,2021_04_15_13_39_06,P086#2021_04_15_13_39_06#CSV1,csv_spectrum,0,train
/Users/charleneleung/Documents/dkfz/data/Cat_Pig/Cat_atlas_deox/Cat_0007_kidney_deox/data/P086_OP050_2021_04_15_Experiment1/2021_04_15_13_39_06/_hypergui_1/spectrum_fromCSV5_(500.0-995.0)_masked_data_0_derivative.csv,deox,P086,2021_04_15_13_39_06,P086#2021_04_15_13_39_06#CSV5,csv_spectrum,0,train
/Users/charleneleung/Documents/dkfz/data/Cat_Pig/Cat_atlas_deox/Cat_0007_kidney_deox/data/P086_OP050_2021_04_15_Experiment1/2021_04_15_13_39_25/_hypergui_1/spectrum_fromCSV1_(500.0-995.0)_masked_data_0_derivative.csv,deox,P086,2021_04_15_13_39_25,P086#2021_04_15_13_39_25#CSV1,csv_spectrum,0,train
/Users/charleneleung/Documents/dkfz/data/Cat_Pig/Cat_atlas_deox/Cat_0007_kidney_deox/data/P086_OP050_2021_04_15_Experiment1/2021_04_15_13_39_25/_hypergui_1/spectrum_fromCSV5_(500.0-995.0)_masked_data_0_derivative.csv,deox,P086,2021_04_15_13_39_25,P086#2021_04_15_13_39_25#CSV5,csv_spectrum,0,train
/Users/charleneleung/Documents/dkfz/data/Cat_Pig/Cat_atlas_deox/Cat_0007_kidney_deox/data/P086_OP050_2021_04_15_Experiment1/2021_04_15_13_39_41/_hypergui_1/spectrum_fromCSV1_(500.0-995.0)_masked_data_0_derivative.csv,deox,P086,2021_04_15_13_39_41,P086#2021_04_15_13_39_41#CSV1,csv_spectrum,0,train
/Users/charleneleung/Documents/dkfz/data/Cat_Pig/Cat_atlas_deox/Cat_0007_kidney_deox/data/P086_OP050_2021_04_15_Experiment1/2021_04_15_13_39_41/_hypergui_1/spectrum_fromCSV5_(500.0-995.0)_masked_data_0_derivative.csv,deox,P086,2021_04_15_13_39_41,P086#2021_04_15_13_39_41#CSV5,csv_spectrum,0,train
/Users/charleneleung/Documents/dkfz/data/Cat_Pig/Cat_atlas_deox/Cat_0007_kidney_deox/data/P086_OP050_2021_04_15_Experiment1/2021_04_15_13_40_04/_hypergui_1/spectrum_fromCSV1_(500.0-995.0)_masked_data_0_derivative.csv,deox,P086,2021_04_15_13_40_04,P086#2021_04_15_13_40_04#CSV1,csv_spectrum,0,train
/Users/charleneleung/Documents/dkfz/data/Cat_Pig/Cat_atlas_deox/Cat_0007_kidney_deox/data/P086_OP050_2021_04_15_Experiment1/2021_04_15_13_40_04/_hypergui_1/spectrum_fromCSV5_(500.0-995.0)_masked_data_0_derivative.csv,deox,P086,2021_04_15_13_40_04,P086#2021_04_15_13_40_04#CSV5,csv_spectrum,0,train
/Users/charleneleung/Documents/dkfz/data/Cat_Pig/Cat_atlas_deox/Cat_0007_kidney_deox/data/P086_OP050_2021_04_15_Experiment1/2021_04_15_13_40_20/_hypergui_1/spectrum_fromCSV1_(500.0-995.0)_masked_data_0_derivative.csv,deox,P086,2021_04_15_13_40_20,P086#2021_04_15_13_40_20#CSV1,csv_spectrum,0,train
/Users/charleneleung/Documents/dkfz/data/Cat_Pig/Cat_atlas_deox/Cat_0007_kidney_deox/data/P086_OP050_2021_04_15_Experiment1/2021_04_15_13_40_20/_hypergui_1/spectrum_fromCSV5_(500.0-995.0)_masked_data_0_derivative.csv,deox,P086,2021_04_15_13_40_20,P086#2021_04_15_13_40_20#CSV5,csv_spectrum,0,train
/Users/charleneleung/Documents/dkfz/data/Cat_Pig/Cat_atlas_deox/Cat_0007_kidney_deox/data/P086_OP050_2021_04_15_Experiment1/2021_04_15_13_40_37/_hypergui_1/spectrum_fromCSV1_(500.0-995.0)_masked_data_0_derivative.csv,deox,P086,2021_04_15_13_40_37,P086#2021_04_15_13_40_37#CSV1,csv_spectrum,0,train
/Users/charleneleung/Documents/dkfz/data/Cat_Pig/Cat_atlas_deox/Cat_0007_kidney_deox/data/P086_OP050_2021_04_15_Experiment1/2021_04_15_13_40_37/_hypergui_1/spectrum_fromCSV5_(500.0-995.0)_masked_data_0_derivative.csv,deox,P086,2021_04_15_13_40_37,P086#2021_04_15_13_40_37#CSV5,csv_spectrum,0,train
/Users/charleneleung/Documents/dkfz/data/Cat_Pig/Cat_atlas_deox/Cat_0007_kidney_deox/data/P086_OP050_2021_04_15_Experiment1/2021_04_15_13_41_00/_hypergui_1/spectrum_fromCSV1_(500.0-995.0)_masked_data_0_derivative.csv,deox,P086,2021_04_15_13_41_00,P086#2021_04_15_13_41_00#CSV1,csv_spectrum,0,train
/Users/charleneleung/Documents/dkfz/data/Cat_Pig/Cat_atlas_deox/Cat_0007_kidney_deox/data/P086_OP050_2021_04_15_Experiment1/2021_04_15_13_41_00/_hypergui_1/spectrum_fromCSV5_(500.0-995.0)_masked_data_0_derivative.csv,deox,P086,2021_04_15_13_41_00,P086#2021_04_15_13_41_00#CSV5,csv_spectrum,0,train
/Users/charleneleung/Documents/dkfz/data/Cat_Pig/Cat_atlas_deox/Cat_0007_kidney_deox/data/P086_OP050_2021_04_15_Experiment1/2021_04_15_13_41_16/_hypergui_1/spectrum_fromCSV1_(500.0-995.0)_masked_data_0_derivative.csv,deox,P086,2021_04_15_13_41_16,P086#2021_04_15_13_41_16#CSV1,csv_spectrum,0,train
/Users/charleneleung/Documents/dkfz/data/Cat_Pig/Cat_atlas_deox/Cat_0007_kidney_deox/data/P086_OP050_2021_04_15_Experiment1/2021_04_15_13_41_16/_hypergui_1/spectrum_fromCSV5_(500.0-995.0)_masked_data_0_derivative.csv,deox,P086,2021_04_15_13_41_16,P086#2021_04_15_13_41_16#CSV5,csv_spectrum,0,train
/Users/charleneleung/Documents/dkfz/data/Cat_Pig/Cat_atlas_deox/Cat_0007_kidney_deox/data/P086_OP050_2021_04_15_Experiment1/2021_04_15_13_41_32/_hypergui_1/spectrum_fromCSV1_(500.0-995.0)_masked_data_0_derivative.csv,deox,P086,2021_04_15_13_41_32,P086#2021_04_15_13_41_32#CSV1,csv_spectrum,0,train
/Users/charleneleung/Documents/dkfz/data/Cat_Pig/Cat_atlas_deox/Cat_0007_kidney_deox/data/P086_OP050_2021_04_15_Experiment1/2021_04_15_13_41_32/_hypergui_1/spectrum_fromCSV5_(500.0-995.0)_masked_data_0_derivative.csv,deox,P086,2021_04_15_13_41_32,P086#2021_04_15_13_41_32#CSV5,csv_spectrum,0,train
/Users/charleneleung/Documents/dkfz/data/Cat_Pig/Cat_atlas_deox/Cat_0007_kidney_deox/data/P086_OP050_2021_04_15_Experiment1/2021_04_15_13_42_05/_hypergui_1/spectrum_fromCSV1_(500.0-995.0)_masked_data_0_derivative.csv,deox,P086,2021_04_15_13_42_05,P086#2021_04_15_13_42_05#CSV1,csv_spectrum,0,train
/Users/charleneleung/Documents/dkfz/data/Cat_Pig/Cat_atlas_deox/Cat_0007_kidney_deox/data/P086_OP050_2021_04_15_Experiment1/2021_04_15_13_42_05/_hypergui_1/spectrum_fromCSV5_(500.0-995.0)_masked_data_0_derivative.csv,deox,P086,2021_04_15_13_42_05,P086#2021_04_15_13_42_05#CSV5,csv_spectrum,0,train
/Users/charleneleung/Documents/dkfz/data/Cat_Pig/Cat_atlas_deox/Cat_0007_kidney_deox/data/P086_OP050_2021_04_15_Experiment1/2021_04_15_13_42_22/_hypergui_1/spectrum_fromCSV1_(500.0-995.0)_masked_data_0_derivative.csv,deox,P086,2021_04_15_13_42_22,P086#2021_04_15_13_42_22#CSV1,csv_spectrum,0,train
/Users/charleneleung/Documents/dkfz/data/Cat_Pig/Cat_atlas_deox/Cat_0007_kidney_deox/data/P086_OP050_2021_04_15_Experiment1/2021_04_15_13_42_22/_hypergui_1/spectrum_fromCSV5_(500.0-995.0)_masked_data_0_derivative.csv,deox,P086,2021_04_15_13_42_22,P086#2021_04_15_13_42_22#CSV5,csv_spectrum,0,train
/Users/charleneleung/Documents/dkfz/data/Cat_Pig/Cat_atlas_deox/Cat_0007_kidney_deox/data/P086_OP050_2021_04_15_Experiment1/2021_04_15_13_42_38/_hypergui_1/spectrum_fromCSV1_(500.0-995.0)_masked_data_0_derivative.csv,deox,P086,2021_04_15_13_42_38,P086#2021_04_15_13_42_38#CSV1,csv_spectrum,0,train
/Users/charleneleung/Documents/dkfz/data/Cat_Pig/Cat_atlas_deox/Cat_0007_kidney_deox/data/P086_OP050_2021_04_15_Experiment1/2021_04_15_13_42_38/_hypergui_1/spectrum_fromCSV5_(500.0-995.0)_masked_data_0_derivative.csv,deox,P086,2021_04_15_13_42_38,P086#2021_04_15_13_42_38#CSV5,csv_spectrum,0,train
/Users/charleneleung/Documents/dkfz/data/Cat_Pig/Cat_atlas_deox/Cat_0007_kidney_deox/data/P086_OP050_2021_04_15_Experiment1/2021_04_15_13_43_14/_hypergui_1/spectrum_fromCSV1_(500.0-995.0)_masked_data_0_derivative.csv,deox,P086,2021_04_15_13_43_14,P086#2021_04_15_13_43_14#CSV1,csv_spectrum,0,train
/Users/charleneleung/Documents/dkfz/data/Cat_Pig/Cat_atlas_deox/Cat_0007_kidney_deox/data/P086_OP050_2021_04_15_Experiment1/2021_04_15_13_43_14/_hypergui_1/spectrum_fromCSV5_(500.0-995.0)_masked_data_0_derivative.csv,deox,P086,2021_04_15_13_43_14,P086#2021_04_15_13_43_14#CSV5,csv_spectrum,0,train
/Users/charleneleung/Documents/dkfz/data/Cat_Pig/Cat_atlas_deox/Cat_0007_kidney_deox/data/P086_OP050_2021_04_15_Experiment1/2021_04_15_13_43_36/_hypergui_1/spectrum_fromCSV1_(500.0-995.0)_masked_data_0_derivative.csv,deox,P086,2021_04_15_13_43_36,P086#2021_04_15_13_43_36#CSV1,csv_spectrum,0,train
/Users/charleneleung/Documents/dkfz/data/Cat_Pig/Cat_atlas_deox/Cat_0007_kidney_deox/data/P086_OP050_2021_04_15_Experiment1/2021_04_15_13_43_36/_hypergui_1/spectrum_fromCSV5_(500.0-995.0)_masked_data_0_derivative.csv,deox,P086,2021_04_15_13_43_36,P086#2021_04_15_13_43_36#CSV5,csv_spectrum,0,train
/Users/charleneleung/Documents/dkfz/data/Cat_Pig/Cat_atlas_deox/Cat_0007_kidney_deox/data/P086_OP050_2021_04_15_Experiment1/2021_04_15_13_43_52/_hypergui_1/spectrum_fromCSV1_(500.0-995.0)_masked_data_0_derivative.csv,deox,P086,2021_04_15_13_43_52,P086#2021_04_15_13_43_52#CSV1,csv_spectrum,0,train
/Users/charleneleung/Documents/dkfz/data/Cat_Pig/Cat_atlas_deox/Cat_0007_kidney_deox/data/P086_OP050_2021_04_15_Experiment1/2021_04_15_13_43_52/_hypergui_1/spectrum_fromCSV5_(500.0-995.0)_masked_data_0_derivative.csv,deox,P086,2021_04_15_13_43_52,P086#2021_04_15_13_43_52#CSV5,csv_spectrum,0,train
/Users/charleneleung/Documents/dkfz/data/Cat_Pig/Cat_atlas_deox/Cat_0007_kidney_deox/data/P086_OP050_2021_04_15_Experiment1/2021_04_15_13_44_25/_hypergui_1/spectrum_fromCSV1_(500.0-995.0)_masked_data_0_derivative.csv,deox,P086,2021_04_15_13_44_25,P086#2021_04_15_13_44_25#CSV1,csv_spectrum,0,train
/Users/charleneleung/Documents/dkfz/data/Cat_Pig/Cat_atlas_deox/Cat_0007_kidney_deox/data/P086_OP050_2021_04_15_Experiment1/2021_04_15_13_44_25/_hypergui_1/spectrum_fromCSV5_(500.0-995.0)_masked_data_0_derivative.csv,deox,P086,2021_04_15_13_44_25,P086#2021_04_15_13_44_25#CSV5,csv_spectrum,0,train
/Users/charleneleung/Documents/dkfz/data/Cat_Pig/Cat_atlas_deox/Cat_0007_kidney_deox/data/P086_OP050_2021_04_15_Experiment1/2021_04_15_13_44_43/_hypergui_1/spectrum_fromCSV1_(500.0-995.0)_masked_data_0_derivative.csv,deox,P086,2021_04_15_13_44_43,P086#2021_04_15_13_44_43#CSV1,csv_spectrum,0,train
/Users/charleneleung/Documents/dkfz/data/Cat_Pig/Cat_atlas_deox/Cat_0007_kidney_deox/data/P086_OP050_2021_04_15_Experiment1/2021_04_15_13_44_43/_hypergui_1/spectrum_fromCSV5_(500.0-995.0)_masked_data_0_derivative.csv,deox,P086,2021_04_15_13_44_43,P086#2021_04_15_13_44_43#CSV5,csv_spectrum,0,train
/Users/charleneleung/Documents/dkfz/data/Cat_Pig/Cat_atlas_deox/Cat_0007_kidney_deox/data/P086_OP050_2021_04_15_Experiment1/2021_04_15_13_45_00/_hypergui_1/spectrum_fromCSV1_(500.0-995.0)_masked_data_0_derivative.csv,deox,P086,2021_04_15_13_45_00,P086#2021_04_15_13_45_00#CSV1,csv_spectrum,0,train
/Users/charleneleung/Documents/dkfz/data/Cat_Pig/Cat_atlas_deox/Cat_0007_kidney_deox/data/P086_OP050_2021_04_15_Experiment1/2021_04_15_13_45_00/_hypergui_1/spectrum_fromCSV5_(500.0-995.0)_masked_data_0_derivative.csv,deox,P086,2021_04_15_13_45_00,P086#2021_04_15_13_45_00#CSV5,csv_spectrum,0,train
/Users/charleneleung/Documents/dkfz/data/Cat_Pig/Cat_atlas_deox/Cat_0007_kidney_deox/data/P086_OP050_2021_04_15_Experiment1/2021_04_15_13_55_13/_hypergui_1/spectrum_fromCSV1_(500.0-995.0)_masked_data_0_derivative.csv,deox,P086,2021_04_15_13_55_13,P086#2021_04_15_13_55_13#CSV1,csv_spectrum,0,train
/Users/charleneleung/Documents/dkfz/data/Cat_Pig/Cat_atlas_deox/Cat_0007_kidney_deox/data/P086_OP050_2021_04_15_Experiment1/2021_04_15_13_55_13/_hypergui_1/spectrum_fromCSV5_(500.0-995.0)_masked_data_0_derivative.csv,deox,P086,2021_04_15_13_55_13,P086#2021_04_15_13_55_13#CSV5,csv_spectrum,0,train
/Users/charleneleung/Documents/dkfz/data/Cat_Pig/Cat_atlas_deox/Cat_0007_kidney_deox/data/P086_OP050_2021_04_15_Experiment1/2021_04_15_13_55_29/_hypergui_1/spectrum_fromCSV1_(500.0-995.0)_masked_data_0_derivative.csv,deox,P086,2021_04_15_13_55_29,P086#2021_04_15_13_55_29#CSV1,csv_spectrum,0,train
/Users/charleneleung/Documents/dkfz/data/Cat_Pig/Cat_atlas_deox/Cat_0007_kidney_deox/data/P086_OP050_2021_04_15_Experiment1/2021_04_15_13_55_29/_hypergui_1/spectrum_fromCSV5_(500.0-995.0)_masked_data_0_derivative.csv,deox,P086,2021_04_15_13_55_29,P086#2021_04_15_13_55_29#CSV5,csv_spectrum,0,train
/Users/charleneleung/Documents/dkfz/data/Cat_Pig/Cat_atlas_deox/Cat_0007_kidney_deox/data/P086_OP050_2021_04_15_Experiment1/2021_04_15_13_55_46/_hypergui_1/spectrum_fromCSV1_(500.0-995.0)_masked_data_0_derivative.csv,deox,P086,2021_04_15_13_55_46,P086#2021_04_15_13_55_46#CSV1,csv_spectrum,0,train
/Users/charleneleung/Documents/dkfz/data/Cat_Pig/Cat_atlas_deox/Cat_0007_kidney_deox/data/P086_OP050_2021_04_15_Experiment1/2021_04_15_13_55_46/_hypergui_1/spectrum_fromCSV5_(500.0-995.0)_masked_data_0_derivative.csv,deox,P086,2021_04_15_13_55_46,P086#2021_04_15_13_55_46#CSV5,csv_spectrum,0,train
/Users/charleneleung/Documents/dkfz/data/Cat_Pig/Cat_atlas_deox/Cat_0007_kidney_deox/data/P086_OP050_2021_04_15_Experiment1/2021_04_15_13_56_24/_hypergui_1/spectrum_fromCSV1_(500.0-995.0)_masked_data_0_derivative.csv,deox,P086,2021_04_15_13_56_24,P086#2021_04_15_13_56_24#CSV1,csv_spectrum,0,train
/Users/charleneleung/Documents/dkfz/data/Cat_Pig/Cat_atlas_deox/Cat_0007_kidney_deox/data/P086_OP050_2021_04_15_Experiment1/2021_04_15_13_56_24/_hypergui_1/spectrum_fromCSV5_(500.0-995.0)_masked_data_0_derivative.csv,deox,P086,2021_04_15_13_56_24,P086#2021_04_15_13_56_24#CSV5,csv_spectrum,0,train
/Users/charleneleung/Documents/dkfz/data/Cat_Pig/Cat_atlas_deox/Cat_0007_kidney_deox/data/P086_OP050_2021_04_15_Experiment1/2021_04_15_13_56_41/_hypergui_1/spectrum_fromCSV1_(500.0-995.0)_masked_data_0_derivative.csv,deox,P086,2021_04_15_13_56_41,P086#2021_04_15_13_56_41#CSV1,csv_spectrum,0,train
/Users/charleneleung/Documents/dkfz/data/Cat_Pig/Cat_atlas_deox/Cat_0007_kidney_deox/data/P086_OP050_2021_04_15_Experiment1/2021_04_15_13_56_41/_hypergui_1/spectrum_fromCSV5_(500.0-995.0)_masked_data_0_derivative.csv,deox,P086,2021_04_15_13_56_41,P086#2021_04_15_13_56_41#CSV5,csv_spectrum,0,train
/Users/charleneleung/Documents/dkfz/data/Cat_Pig/Cat_atlas_deox/Cat_0007_kidney_deox/data/P086_OP050_2021_04_15_Experiment1/2021_04_15_13_56_57/_hypergui_1/spectrum_fromCSV1_(500.0-995.0)_masked_data_0_derivative.csv,deox,P086,2021_04_15_13_56_57,P086#2021_04_15_13_56_57#CSV1,csv_spectrum,0,train
/Users/charleneleung/Documents/dkfz/data/Cat_Pig/Cat_atlas_deox/Cat_0007_kidney_deox/data/P086_OP050_2021_04_15_Experiment1/2021_04_15_13_56_57/_hypergui_1/spectrum_fromCSV5_(500.0-995.0)_masked_data_0_derivative.csv,deox,P086,2021_04_15_13_56_57,P086#2021_04_15_13_56_57#CSV5,csv_spectrum,0,train
/Users/charleneleung/Documents/dkfz/data/Cat_Pig/Cat_atlas_deox/Cat_0007_kidney_deox/data/P086_OP050_2021_04_15_Experiment1/2021_04_15_13_57_28/_hypergui_1/spectrum_fromCSV1_(500.0-995.0)_masked_data_0_derivative.csv,deox,P086,2021_04_15_13_57_28,P086#2021_04_15_13_57_28#CSV1,csv_spectrum,0,train
/Users/charleneleung/Documents/dkfz/data/Cat_Pig/Cat_atlas_deox/Cat_0007_kidney_deox/data/P086_OP050_2021_04_15_Experiment1/2021_04_15_13_57_28/_hypergui_1/spectrum_fromCSV5_(500.0-995.0)_masked_data_0_derivative.csv,deox,P086,2021_04_15_13_57_28,P086#2021_04_15_13_57_28#CSV5,csv_spectrum,0,train
/Users/charleneleung/Documents/dkfz/data/Cat_Pig/Cat_atlas_deox/Cat_0007_kidney_deox/data/P086_OP050_2021_04_15_Experiment1/2021_04_15_13_57_45/_hypergui_1/spectrum_fromCSV1_(500.0-995.0)_masked_data_0_derivative.csv,deox,P086,2021_04_15_13_57_45,P086#2021_04_15_13_57_45#CSV1,csv_spectrum,0,train
/Users/charleneleung/Documents/dkfz/data/Cat_Pig/Cat_atlas_deox/Cat_0007_kidney_deox/data/P086_OP050_2021_04_15_Experiment1/2021_04_15_13_57_45/_hypergui_1/spectrum_fromCSV5_(500.0-995.0)_masked_data_0_derivative.csv,deox,P086,2021_04_15_13_57_45,P086#2021_04_15_13_57_45#CSV5,csv_spectrum,0,train
/Users/charleneleung/Documents/dkfz/data/Cat_Pig/Cat_atlas_deox/Cat_0007_kidney_deox/data/P086_OP050_2021_04_15_Experiment1/2021_04_15_13_58_01/_hypergui_1/spectrum_fromCSV1_(500.0-995.0)_masked_data_0_derivative.csv,deox,P086,2021_04_15_13_58_01,P086#2021_04_15_13_58_01#CSV1,csv_spectrum,0,train
/Users/charleneleung/Documents/dkfz/data/Cat_Pig/Cat_atlas_deox/Cat_0007_kidney_deox/data/P086_OP050_2021_04_15_Experiment1/2021_04_15_13_58_01/_hypergui_1/spectrum_fromCSV5_(500.0-995.0)_masked_data_0_derivative.csv,deox,P086,2021_04_15_13_58_01,P086#2021_04_15_13_58_01#CSV5,csv_spectrum,0,train
/Users/charleneleung/Documents/dkfz/data/Cat_Pig/Cat_atlas_deox/Cat_0007_kidney_deox/data/P086_OP050_2021_04_15_Experiment1/2021_04_15_13_59_41/_hypergui_1/spectrum_fromCSV1_(500.0-995.0)_masked_data_0_derivative.csv,deox,P086,2021_04_15_13_59_41,P086#2021_04_15_13_59_41#CSV1,csv_spectrum,0,train
/Users/charleneleung/Documents/dkfz/data/Cat_Pig/Cat_atlas_deox/Cat_0007_kidney_deox/data/P086_OP050_2021_04_15_Experiment1/2021_04_15_13_59_41/_hypergui_1/spectrum_fromCSV5_(500.0-995.0)_masked_data_0_derivative.csv,deox,P086,2021_04_15_13_59_41,P086#2021_04_15_13_59_41#CSV5,csv_spectrum,0,train
/Users/charleneleung/Documents/dkfz/data/Cat_Pig/Cat_atlas_deox/Cat_0007_kidney_deox/data/P086_OP050_2021_04_15_Experiment1/2021_04_15_13_59_57/_hypergui_1/spectrum_fromCSV1_(500.0-995.0)_masked_data_0_derivative.csv,deox,P086,2021_04_15_13_59_57,P086#2021_04_15_13_59_57#CSV1,csv_spectrum,0,train
/Users/charleneleung/Documents/dkfz/data/Cat_Pig/Cat_atlas_deox/Cat_0007_kidney_deox/data/P086_OP050_2021_04_15_Experiment1/2021_04_15_13_59_57/_hypergui_1/spectrum_fromCSV5_(500.0-995.0)_masked_data_0_derivative.csv,deox,P086,2021_04_15_13_59_57,P086#2021_04_15_13_59_57#CSV5,csv_spectrum,0,train
/Users/charleneleung/Documents/dkfz/data/Cat_Pig/Cat_atlas_deox/Cat_0007_kidney_deox/data/P086_OP050_2021_04_15_Experiment1/2021_04_15_14_00_13/_hypergui_1/spectrum_fromCSV1_(500.0-995.0)_masked_data_0_derivative.csv,deox,P086,2021_04_15_14_00_13,P086#2021_04_15_14_00_13#CSV1,csv_spectrum,0,train
/Users/charleneleung/Documents/dkfz/data/Cat_Pig/Cat_atlas_deox/Cat_0007_kidney_deox/data/P086_OP050_2021_04_15_Experiment1/2021_04_15_14_00_13/_hypergui_1/spectrum_fromCSV5_(500.0-995.0)_masked_data_0_derivative.csv,deox,P086,2021_04_15_14_00_13,P086#2021_04_15_14_00_13#CSV5,csv_spectrum,0,train
/Users/charleneleung/Documents/dkfz/data/Cat_Pig/Cat_atlas_deox/Cat_0007_kidney_deox/data/P095_OP059_2021_05_02_Experiment1/2021_05_02_13_57_40/_hypergui_1/spectrum_fromCSV1_(500.0-995.0)_masked_data_0_derivative.csv,deox,P095,2021_05_02_13_57_40,P095#2021_05_02_13_57_40#CSV1,csv_spectrum,0,train
/Users/charleneleung/Documents/dkfz/data/Cat_Pig/Cat_atlas_deox/Cat_0007_kidney_deox/data/P095_OP059_2021_05_02_Experiment1/2021_05_02_13_57_40/_hypergui_1/spectrum_fromCSV5_(500.0-995.0)_masked_data_0_derivative.csv,deox,P095,2021_05_02_13_57_40,P095#2021_05_02_13_57_40#CSV5,csv_spectrum,0,train
/Users/charleneleung/Documents/dkfz/data/Cat_Pig/Cat_atlas_deox/Cat_0007_kidney_deox/data/P095_OP059_2021_05_02_Experiment1/2021_05_02_13_58_10/_hypergui_1/spectrum_fromCSV1_(500.0-995.0)_masked_data_0_derivative.csv,deox,P095,2021_05_02_13_58_10,P095#2021_05_02_13_58_10#CSV1,csv_spectrum,0,train
/Users/charleneleung/Documents/dkfz/data/Cat_Pig/Cat_atlas_deox/Cat_0007_kidney_deox/data/P095_OP059_2021_05_02_Experiment1/2021_05_02_13_58_10/_hypergui_1/spectrum_fromCSV5_(500.0-995.0)_masked_data_0_derivative.csv,deox,P095,2021_05_02_13_58_10,P095#2021_05_02_13_58_10#CSV5,csv_spectrum,0,train
/Users/charleneleung/Documents/dkfz/data/Cat_Pig/Cat_atlas_deox/Cat_0007_kidney_deox/data/P095_OP059_2021_05_02_Experiment1/2021_05_02_14_10_01/_hypergui_1/spectrum_fromCSV1_(500.0-995.0)_masked_data_0_derivative.csv,deox,P095,2021_05_02_14_10_01,P095#2021_05_02_14_10_01#CSV1,csv_spectrum,0,train
/Users/charleneleung/Documents/dkfz/data/Cat_Pig/Cat_atlas_deox/Cat_0007_kidney_deox/data/P095_OP059_2021_05_02_Experiment1/2021_05_02_14_10_01/_hypergui_1/spectrum_fromCSV5_(500.0-995.0)_masked_data_0_derivative.csv,deox,P095,2021_05_02_14_10_01,P095#2021_05_02_14_10_01#CSV5,csv_spectrum,0,train
/Users/charleneleung/Documents/dkfz/data/Cat_Pig/Cat_atlas_deox/Cat_0007_kidney_deox/data/P095_OP059_2021_05_02_Experiment1/2021_05_02_14_10_31/_hypergui_1/spectrum_fromCSV1_(500.0-995.0)_masked_data_0_derivative.csv,deox,P095,2021_05_02_14_10_31,P095#2021_05_02_14_10_31#CSV1,csv_spectrum,0,train
/Users/charleneleung/Documents/dkfz/data/Cat_Pig/Cat_atlas_deox/Cat_0007_kidney_deox/data/P095_OP059_2021_05_02_Experiment1/2021_05_02_14_10_31/_hypergui_1/spectrum_fromCSV5_(500.0-995.0)_masked_data_0_derivative.csv,deox,P095,2021_05_02_14_10_31,P095#2021_05_02_14_10_31#CSV5,csv_spectrum,0,train
/Users/charleneleung/Documents/dkfz/data/Cat_Pig/Cat_atlas_deox/Cat_0007_kidney_deox/data/P095_OP059_2021_05_02_Experiment1/2021_05_02_15_54_59/_hypergui_1/spectrum_fromCSV1_(500.0-995.0)_masked_data_0_derivative.csv,deox,P095,2021_05_02_15_54_59,P095#2021_05_02_15_54_59#CSV1,csv_spectrum,0,train
/Users/charleneleung/Documents/dkfz/data/Cat_Pig/Cat_atlas_deox/Cat_0007_kidney_deox/data/P095_OP059_2021_05_02_Experiment1/2021_05_02_15_54_59/_hypergui_1/spectrum_fromCSV5_(500.0-995.0)_masked_data_0_derivative.csv,deox,P095,2021_05_02_15_54_59,P095#2021_05_02_15_54_59#CSV5,csv_spectrum,0,train
/Users/charleneleung/Documents/dkfz/data/Cat_Pig/Cat_atlas_deox/Cat_0007_kidney_deox/data/P095_OP059_2021_05_02_Experiment1/2021_05_02_15_55_29/_hypergui_1/spectrum_fromCSV1_(500.0-995.0)_masked_data_0_derivative.csv,deox,P095,2021_05_02_15_55_29,P095#2021_05_02_15_55_29#CSV1,csv_spectrum,0,train
/Users/charleneleung/Documents/dkfz/data/Cat_Pig/Cat_atlas_deox/Cat_0007_kidney_deox/data/P095_OP059_2021_05_02_Experiment1/2021_05_02_15_55_29/_hypergui_1/spectrum_fromCSV5_(500.0-995.0)_masked_data_0_derivative.csv,deox,P095,2021_05_02_15_55_29,P095#2021_05_02_15_55_29#CSV5,csv_spectrum,0,train
/Users/charleneleung/Documents/dkfz/data/Cat_Pig/Cat_atlas_deox/Cat_0007_kidney_deox/data/P095_OP059_2021_05_02_Experiment1/2021_05_02_16_08_01/_hypergui_1/spectrum_fromCSV1_(500.0-995.0)_masked_data_0_derivative.csv,deox,P095,2021_05_02_16_08_01,P095#2021_05_02_16_08_01#CSV1,csv_spectrum,0,train
/Users/charleneleung/Documents/dkfz/data/Cat_Pig/Cat_atlas_deox/Cat_0007_kidney_deox/data/P095_OP059_2021_05_02_Experiment1/2021_05_02_16_08_01/_hypergui_1/spectrum_fromCSV5_(500.0-995.0)_masked_data_0_derivative.csv,deox,P095,2021_05_02_16_08_01,P095#2021_05_02_16_08_01#CSV5,csv_spectrum,0,train
/Users/charleneleung/Documents/dkfz/data/Cat_Pig/Cat_atlas_deox/Cat_0007_kidney_deox/data/P095_OP059_2021_05_02_Experiment1/2021_05_02_16_08_31/_hypergui_1/spectrum_fromCSV1_(500.0-995.0)_masked_data_0_derivative.csv,deox,P095,2021_05_02_16_08_31,P095#2021_05_02_16_08_31#CSV1,csv_spectrum,0,train
/Users/charleneleung/Documents/dkfz/data/Cat_Pig/Cat_atlas_deox/Cat_0007_kidney_deox/data/P095_OP059_2021_05_02_Experiment1/2021_05_02_16_08_31/_hypergui_1/spectrum_fromCSV5_(500.0-995.0)_masked_data_0_derivative.csv,deox,P095,2021_05_02_16_08_31,P095#2021_05_02_16_08_31#CSV5,csv_spectrum,0,train
/Users/charleneleung/Documents/dkfz/data/Cat_Pig/Cat_atlas_deox/Cat_0007_kidney_deox/data/P098_OP062_2021_07_06_Experiment1/2021_07_06_13_41_37/_hypergui_1/spectrum_fromCSV1_(500.0-995.0)_masked_data_0_derivative.csv,deox,P098,2021_07_06_13_41_37,P098#2021_07_06_13_41_37#CSV1,csv_spectrum,0,train
/Users/charleneleung/Documents/dkfz/data/Cat_Pig/Cat_atlas_deox/Cat_0007_kidney_deox/data/P098_OP062_2021_07_06_Experiment1/2021_07_06_13_41_37/_hypergui_1/spectrum_fromCSV5_(500.0-995.0)_masked_data_0_derivative.csv,deox,P098,2021_07_06_13_41_37,P098#2021_07_06_13_41_37#CSV5,csv_spectrum,0,train
/Users/charleneleung/Documents/dkfz/data/Cat_Pig/Cat_atlas_deox/Cat_0007_kidney_deox/data/P098_OP062_2021_07_06_Experiment1/2021_07_06_13_42_07/_hypergui_1/spectrum_fromCSV1_(500.0-995.0)_masked_data_0_derivative.csv,deox,P098,2021_07_06_13_42_07,P098#2021_07_06_13_42_07#CSV1,csv_spectrum,0,train
/Users/charleneleung/Documents/dkfz/data/Cat_Pig/Cat_atlas_deox/Cat_0007_kidney_deox/data/P098_OP062_2021_07_06_Experiment1/2021_07_06_13_42_07/_hypergui_1/spectrum_fromCSV5_(500.0-995.0)_masked_data_0_derivative.csv,deox,P098,2021_07_06_13_42_07,P098#2021_07_06_13_42_07#CSV5,csv_spectrum,0,train
/Users/charleneleung/Documents/dkfz/data/Cat_Pig/Cat_atlas_deox/Cat_0007_kidney_deox/data/P098_OP062_2021_07_06_Experiment1/2021_07_06_13_42_37/_hypergui_1/spectrum_fromCSV1_(500.0-995.0)_masked_data_0_derivative.csv,deox,P098,2021_07_06_13_42_37,P098#2021_07_06_13_42_37#CSV1,csv_spectrum,0,train
/Users/charleneleung/Documents/dkfz/data/Cat_Pig/Cat_atlas_deox/Cat_0007_kidney_deox/data/P098_OP062_2021_07_06_Experiment1/2021_07_06_13_42_37/_hypergui_1/spectrum_fromCSV5_(500.0-995.0)_masked_data_0_derivative.csv,deox,P098,2021_07_06_13_42_37,P098#2021_07_06_13_42_37#CSV5,csv_spectrum,0,train
/Users/charleneleung/Documents/dkfz/data/Cat_Pig/Cat_atlas_deox/Cat_0007_kidney_deox/data/P098_OP062_2021_07_06_Experiment1/2021_07_06_14_00_41/_hypergui_1/spectrum_fromCSV1_(500.0-995.0)_masked_data_0_derivative.csv,deox,P098,2021_07_06_14_00_41,P098#2021_07_06_14_00_41#CSV1,csv_spectrum,0,train
/Users/charleneleung/Documents/dkfz/data/Cat_Pig/Cat_atlas_deox/Cat_0007_kidney_deox/data/P098_OP062_2021_07_06_Experiment1/2021_07_06_14_00_41/_hypergui_1/spectrum_fromCSV5_(500.0-995.0)_masked_data_0_derivative.csv,deox,P098,2021_07_06_14_00_41,P098#2021_07_06_14_00_41#CSV5,csv_spectrum,0,train
/Users/charleneleung/Documents/dkfz/data/Cat_Pig/Cat_atlas_deox/Cat_0007_kidney_deox/data/P098_OP062_2021_07_06_Experiment1/2021_07_06_14_01_11/_hypergui_1/spectrum_fromCSV1_(500.0-995.0)_masked_data_0_derivative.csv,deox,P098,2021_07_06_14_01_11,P098#2021_07_06_14_01_11#CSV1,csv_spectrum,0,train
/Users/charleneleung/Documents/dkfz/data/Cat_Pig/Cat_atlas_deox/Cat_0007_kidney_deox/data/P098_OP062_2021_07_06_Experiment1/2021_07_06_14_01_11/_hypergui_1/spectrum_fromCSV5_(500.0-995.0)_masked_data_0_derivative.csv,deox,P098,2021_07_06_14_01_11,P098#2021_07_06_14_01_11#CSV5,csv_spectrum,0,train
/Users/charleneleung/Documents/dkfz/data/Cat_Pig/Cat_atlas_deox/Cat_0007_kidney_deox/data/P098_OP062_2021_07_06_Experiment1/2021_07_06_14_01_41/_hypergui_1/spectrum_fromCSV1_(500.0-995.0)_masked_data_0_derivative.csv,deox,P098,2021_07_06_14_01_41,P098#2021_07_06_14_01_41#CSV1,csv_spectrum,0,train
/Users/charleneleung/Documents/dkfz/data/Cat_Pig/Cat_atlas_deox/Cat_0007_kidney_deox/data/P098_OP062_2021_07_06_Experiment1/2021_07_06_14_01_41/_hypergui_1/spectrum_fromCSV5_(500.0-995.0)_masked_data_0_derivative.csv,deox,P098,2021_07_06_14_01_41,P098#2021_07_06_14_01_41#CSV5,csv_spectrum,0,train
/Users/charleneleung/Documents/dkfz/data/Cat_Pig/Cat_atlas_deox/Cat_0007_kidney_deox/data/P098_OP062_2021_07_06_Experiment1/2021_07_06_14_02_11/_hypergui_1/spectrum_fromCSV1_(500.0-995.0)_masked_data_0_derivative.csv,deox,P098,2021_07_06_14_02_11,P098#2021_07_06_14_02_11#CSV1,csv_spectrum,0,train
/Users/charleneleung/Documents/dkfz/data/Cat_Pig/Cat_atlas_deox/Cat_0007_kidney_deox/data/P098_OP062_2021_07_06_Experiment1/2021_07_06_14_02_11/_hypergui_1/spectrum_fromCSV5_(500.0-995.0)_masked_data_0_derivative.csv,deox,P098,2021_07_06_14_02_11,P098#2021_07_06_14_02_11#CSV5,csv_spectrum,0,train
/Users/charleneleung/Documents/dkfz/data/Cat_Pig/Cat_atlas_deox/Cat_0007_kidney_deox/data/P098_OP062_2021_07_06_Experiment1/2021_07_06_15_42_40/_hypergui_1/spectrum_fromCSV1_(500.0-995.0)_masked_data_0_derivative.csv,deox,P098,2021_07_06_15_42_40,P098#2021_07_06_15_42_40#CSV1,csv_spectrum,0,train
/Users/charleneleung/Documents/dkfz/data/Cat_Pig/Cat_atlas_deox/Cat_0007_kidney_deox/data/P098_OP062_2021_07_06_Experiment1/2021_07_06_15_42_40/_hypergui_1/spectrum_fromCSV5_(500.0-995.0)_masked_data_0_derivative.csv,deox,P098,2021_07_06_15_42_40,P098#2021_07_06_15_42_40#CSV5,csv_spectrum,0,train
/Users/charleneleung/Documents/dkfz/data/Cat_Pig/Cat_atlas_deox/Cat_0007_kidney_deox/data/P098_OP062_2021_07_06_Experiment1/2021_07_06_15_43_10/_hypergui_1/spectrum_fromCSV1_(500.0-995.0)_masked_data_0_derivative.csv,deox,P098,2021_07_06_15_43_10,P098#2021_07_06_15_43_10#CSV1,csv_spectrum,0,train
/Users/charleneleung/Documents/dkfz/data/Cat_Pig/Cat_atlas_deox/Cat_0007_kidney_deox/data/P098_OP062_2021_07_06_Experiment1/2021_07_06_15_43_10/_hypergui_1/spectrum_fromCSV5_(500.0-995.0)_masked_data_0_derivative.csv,deox,P098,2021_07_06_15_43_10,P098#2021_07_06_15_43_10#CSV5,csv_spectrum,0,train
/Users/charleneleung/Documents/dkfz/data/Cat_Pig/Cat_atlas_deox/Cat_0007_kidney_deox/data/P098_OP062_2021_07_06_Experiment1/2021_07_06_15_43_40/_hypergui_1/spectrum_fromCSV1_(500.0-995.0)_masked_data_0_derivative.csv,deox,P098,2021_07_06_15_43_40,P098#2021_07_06_15_43_40#CSV1,csv_spectrum,0,train
/Users/charleneleung/Documents/dkfz/data/Cat_Pig/Cat_atlas_deox/Cat_0007_kidney_deox/data/P098_OP062_2021_07_06_Experiment1/2021_07_06_15_43_40/_hypergui_1/spectrum_fromCSV5_(500.0-995.0)_masked_data_0_derivative.csv,deox,P098,2021_07_06_15_43_40,P098#2021_07_06_15_43_40#CSV5,csv_spectrum,0,train
/Users/charleneleung/Documents/dkfz/data/Cat_Pig/Cat_atlas_deox/Cat_0007_kidney_deox/data/P098_OP062_2021_07_06_Experiment1/2021_07_06_15_44_10/_hypergui_1/spectrum_fromCSV1_(500.0-995.0)_masked_data_0_derivative.csv,deox,P098,2021_07_06_15_44_10,P098#2021_07_06_15_44_10#CSV1,csv_spectrum,0,train
/Users/charleneleung/Documents/dkfz/data/Cat_Pig/Cat_atlas_deox/Cat_0007_kidney_deox/data/P098_OP062_2021_07_06_Experiment1/2021_07_06_15_44_10/_hypergui_1/spectrum_fromCSV5_(500.0-995.0)_masked_data_0_derivative.csv,deox,P098,2021_07_06_15_44_10,P098#2021_07_06_15_44_10#CSV5,csv_spectrum,0,train
/Users/charleneleung/Documents/dkfz/data/Cat_Pig/Cat_atlas_deox/Cat_0007_kidney_deox/data/P098_OP062_2021_07_06_Experiment1/2021_07_06_16_02_02/_hypergui_1/spectrum_fromCSV1_(500.0-995.0)_masked_data_0_derivative.csv,deox,P098,2021_07_06_16_02_02,P098#2021_07_06_16_02_02#CSV1,csv_spectrum,0,train
/Users/charleneleung/Documents/dkfz/data/Cat_Pig/Cat_atlas_deox/Cat_0007_kidney_deox/data/P098_OP062_2021_07_06_Experiment1/2021_07_06_16_02_02/_hypergui_1/spectrum_fromCSV5_(500.0-995.0)_masked_data_0_derivative.csv,deox,P098,2021_07_06_16_02_02,P098#2021_07_06_16_02_02#CSV5,csv_spectrum,0,train
/Users/charleneleung/Documents/dkfz/data/Cat_Pig/Cat_atlas_deox/Cat_0007_kidney_deox/data/P098_OP062_2021_07_06_Experiment1/2021_07_06_16_02_32/_hypergui_1/spectrum_fromCSV1_(500.0-995.0)_masked_data_0_derivative.csv,deox,P098,2021_07_06_16_02_32,P098#2021_07_06_16_02_32#CSV1,csv_spectrum,0,train
/Users/charleneleung/Documents/dkfz/data/Cat_Pig/Cat_atlas_deox/Cat_0007_kidney_deox/data/P098_OP062_2021_07_06_Experiment1/2021_07_06_16_02_32/_hypergui_1/spectrum_fromCSV5_(500.0-995.0)_masked_data_0_derivative.csv,deox,P098,2021_07_06_16_02_32,P098#2021_07_06_16_02_32#CSV5,csv_spectrum,0,train
/Users/charleneleung/Documents/dkfz/data/Cat_Pig/Cat_atlas_deox/Cat_0007_kidney_deox/data/P098_OP062_2021_07_06_Experiment1/2021_07_06_16_03_02/_hypergui_1/spectrum_fromCSV1_(500.0-995.0)_masked_data_0_derivative.csv,deox,P098,2021_07_06_16_03_02,P098#2021_07_06_16_03_02#CSV1,csv_spectrum,0,train
/Users/charleneleung/Documents/dkfz/data/Cat_Pig/Cat_atlas_deox/Cat_0007_kidney_deox/data/P098_OP062_2021_07_06_Experiment1/2021_07_06_16_03_02/_hypergui_1/spectrum_fromCSV5_(500.0-995.0)_masked_data_0_derivative.csv,deox,P098,2021_07_06_16_03_02,P098#2021_07_06_16_03_02#CSV5,csv_spectrum,0,train
/Users/charleneleung/Documents/dkfz/data/Cat_Pig/Cat_atlas_deox/Cat_0007_kidney_ischem/data/P078_OP042_2021_02_07_Experiment1/2021_02_07_15_17_39/_hypergui_1/spectrum_fromCSV1_(500.0-995.0)_masked_data_0_derivative.csv,ischem,P078,2021_02_07_15_17_39,P078#2021_02_07_15_17_39#CSV1,csv_spectrum,1,train
/Users/charleneleung/Documents/dkfz/data/Cat_Pig/Cat_atlas_deox/Cat_0007_kidney_ischem/data/P078_OP042_2021_02_07_Experiment1/2021_02_07_15_17_39/_hypergui_1/spectrum_fromCSV5_(500.0-995.0)_masked_data_0_derivative.csv,ischem,P078,2021_02_07_15_17_39,P078#2021_02_07_15_17_39#CSV5,csv_spectrum,1,train
/Users/charleneleung/Documents/dkfz/data/Cat_Pig/Cat_atlas_deox/Cat_0007_kidney_ischem/data/P078_OP042_2021_02_07_Experiment1/2021_02_07_15_18_09/_hypergui_1/spectrum_fromCSV1_(500.0-995.0)_masked_data_0_derivative.csv,ischem,P078,2021_02_07_15_18_09,P078#2021_02_07_15_18_09#CSV1,csv_spectrum,1,train
/Users/charleneleung/Documents/dkfz/data/Cat_Pig/Cat_atlas_deox/Cat_0007_kidney_ischem/data/P078_OP042_2021_02_07_Experiment1/2021_02_07_15_18_09/_hypergui_1/spectrum_fromCSV5_(500.0-995.0)_masked_data_0_derivative.csv,ischem,P078,2021_02_07_15_18_09,P078#2021_02_07_15_18_09#CSV5,csv_spectrum,1,train
/Users/charleneleung/Documents/dkfz/data/Cat_Pig/Cat_atlas_deox/Cat_0007_kidney_ischem/data/P078_OP042_2021_02_07_Experiment1/2021_02_07_15_18_39/_hypergui_1/spectrum_fromCSV1_(500.0-995.0)_masked_data_0_derivative.csv,ischem,P078,2021_02_07_15_18_39,P078#2021_02_07_15_18_39#CSV1,csv_spectrum,1,train
/Users/charleneleung/Documents/dkfz/data/Cat_Pig/Cat_atlas_deox/Cat_0007_kidney_ischem/data/P078_OP042_2021_02_07_Experiment1/2021_02_07_15_18_39/_hypergui_1/spectrum_fromCSV5_(500.0-995.0)_masked_data_0_derivative.csv,ischem,P078,2021_02_07_15_18_39,P078#2021_02_07_15_18_39#CSV5,csv_spectrum,1,train
/Users/charleneleung/Documents/dkfz/data/Cat_Pig/Cat_atlas_deox/Cat_0007_kidney_ischem/data/P078_OP042_2021_02_07_Experiment1/2021_02_07_15_19_09/_hypergui_1/spectrum_fromCSV1_(500.0-995.0)_masked_data_0_derivative.csv,ischem,P078,2021_02_07_15_19_09,P078#2021_02_07_15_19_09#CSV1,csv_spectrum,1,train
/Users/charleneleung/Documents/dkfz/data/Cat_Pig/Cat_atlas_deox/Cat_0007_kidney_ischem/data/P078_OP042_2021_02_07_Experiment1/2021_02_07_15_19_09/_hypergui_1/spectrum_fromCSV5_(500.0-995.0)_masked_data_0_derivative.csv,ischem,P078,2021_02_07_15_19_09,P078#2021_02_07_15_19_09#CSV5,csv_spectrum,1,train
/Users/charleneleung/Documents/dkfz/data/Cat_Pig/Cat_atlas_deox/Cat_0007_kidney_ischem/data/P078_OP042_2021_02_07_Experiment1/2021_02_07_15_19_39/_hypergui_1/spectrum_fromCSV1_(500.0-995.0)_masked_data_0_derivative.csv,ischem,P078,2021_02_07_15_19_39,P078#2021_02_07_15_19_39#CSV1,csv_spectrum,1,train
/Users/charleneleung/Documents/dkfz/data/Cat_Pig/Cat_atlas_deox/Cat_0007_kidney_ischem/data/P078_OP042_2021_02_07_Experiment1/2021_02_07_15_19_39/_hypergui_1/spectrum_fromCSV5_(500.0-995.0)_masked_data_0_derivative.csv,ischem,P078,2021_02_07_15_19_39,P078#2021_02_07_15_19_39#CSV5,csv_spectrum,1,train
/Users/charleneleung/Documents/dkfz/data/Cat_Pig/Cat_atlas_deox/Cat_0007_kidney_ischem/data/P078_OP042_2021_02_07_Experiment1/2021_02_07_15_20_09/_hypergui_1/spectrum_fromCSV1_(500.0-995.0)_masked_data_0_derivative.csv,ischem,P078,2021_02_07_15_20_09,P078#2021_02_07_15_20_09#CSV1,csv_spectrum,1,train
/Users/charleneleung/Documents/dkfz/data/Cat_Pig/Cat_atlas_deox/Cat_0007_kidney_ischem/data/P078_OP042_2021_02_07_Experiment1/2021_02_07_15_20_09/_hypergui_1/spectrum_fromCSV5_(500.0-995.0)_masked_data_0_derivative.csv,ischem,P078,2021_02_07_15_20_09,P078#2021_02_07_15_20_09#CSV5,csv_spectrum,1,train
/Users/charleneleung/Documents/dkfz/data/Cat_Pig/Cat_atlas_deox/Cat_0007_kidney_ischem/data/P078_OP042_2021_02_07_Experiment1/2021_02_07_15_45_45/_hypergui_1/spectrum_fromCSV1_(500.0-995.0)_masked_data_0_derivative.csv,ischem,P078,2021_02_07_15_45_45,P078#2021_02_07_15_45_45#CSV1,csv_spectrum,1,train
/Users/charleneleung/Documents/dkfz/data/Cat_Pig/Cat_atlas_deox/Cat_0007_kidney_ischem/data/P078_OP042_2021_02_07_Experiment1/2021_02_07_15_45_45/_hypergui_1/spectrum_fromCSV5_(500.0-995.0)_masked_data_0_derivative.csv,ischem,P078,2021_02_07_15_45_45,P078#2021_02_07_15_45_45#CSV5,csv_spectrum,1,train
/Users/charleneleung/Documents/dkfz/data/Cat_Pig/Cat_atlas_deox/Cat_0007_kidney_ischem/data/P078_OP042_2021_02_07_Experiment1/2021_02_07_15_46_15/_hypergui_1/spectrum_fromCSV1_(500.0-995.0)_masked_data_0_derivative.csv,ischem,P078,2021_02_07_15_46_15,P078#2021_02_07_15_46_15#CSV1,csv_spectrum,1,train
/Users/charleneleung/Documents/dkfz/data/Cat_Pig/Cat_atlas_deox/Cat_0007_kidney_ischem/data/P078_OP042_2021_02_07_Experiment1/2021_02_07_15_46_15/_hypergui_1/spectrum_fromCSV5_(500.0-995.0)_masked_data_0_derivative.csv,ischem,P078,2021_02_07_15_46_15,P078#2021_02_07_15_46_15#CSV5,csv_spectrum,1,train
/Users/charleneleung/Documents/dkfz/data/Cat_Pig/Cat_atlas_deox/Cat_0007_kidney_ischem/data/P078_OP042_2021_02_07_Experiment1/2021_02_07_15_46_45/_hypergui_1/spectrum_fromCSV1_(500.0-995.0)_masked_data_0_derivative.csv,ischem,P078,2021_02_07_15_46_45,P078#2021_02_07_15_46_45#CSV1,csv_spectrum,1,train
/Users/charleneleung/Documents/dkfz/data/Cat_Pig/Cat_atlas_deox/Cat_0007_kidney_ischem/data/P078_OP042_2021_02_07_Experiment1/2021_02_07_15_46_45/_hypergui_1/spectrum_fromCSV5_(500.0-995.0)_masked_data_0_derivative.csv,ischem,P078,2021_02_07_15_46_45,P078#2021_02_07_15_46_45#CSV5,csv_spectrum,1,train
/Users/charleneleung/Documents/dkfz/data/Cat_Pig/Cat_atlas_deox/Cat_0007_kidney_ischem/data/P078_OP042_2021_02_07_Experiment1/2021_02_07_15_47_15/_hypergui_1/spectrum_fromCSV1_(500.0-995.0)_masked_data_0_derivative.csv,ischem,P078,2021_02_07_15_47_15,P078#2021_02_07_15_47_15#CSV1,csv_spectrum,1,train
/Users/charleneleung/Documents/dkfz/data/Cat_Pig/Cat_atlas_deox/Cat_0007_kidney_ischem/data/P078_OP042_2021_02_07_Experiment1/2021_02_07_15_47_15/_hypergui_1/spectrum_fromCSV5_(500.0-995.0)_masked_data_0_derivative.csv,ischem,P078,2021_02_07_15_47_15,P078#2021_02_07_15_47_15#CSV5,csv_spectrum,1,train
/Users/charleneleung/Documents/dkfz/data/Cat_Pig/Cat_atlas_deox/Cat_0007_kidney_ischem/data/P078_OP042_2021_02_07_Experiment1/2021_02_07_15_47_45/_hypergui_1/spectrum_fromCSV1_(500.0-995.0)_masked_data_0_derivative.csv,ischem,P078,2021_02_07_15_47_45,P078#2021_02_07_15_47_45#CSV1,csv_spectrum,1,train
/Users/charleneleung/Documents/dkfz/data/Cat_Pig/Cat_atlas_deox/Cat_0007_kidney_ischem/data/P078_OP042_2021_02_07_Experiment1/2021_02_07_15_47_45/_hypergui_1/spectrum_fromCSV5_(500.0-995.0)_masked_data_0_derivative.csv,ischem,P078,2021_02_07_15_47_45,P078#2021_02_07_15_47_45#CSV5,csv_spectrum,1,train
/Users/charleneleung/Documents/dkfz/data/Cat_Pig/Cat_atlas_deox/Cat_0007_kidney_ischem/data/P078_OP042_2021_02_07_Experiment1/2021_02_07_15_48_15/_hypergui_1/spectrum_fromCSV1_(500.0-995.0)_masked_data_0_derivative.csv,ischem,P078,2021_02_07_15_48_15,P078#2021_02_07_15_48_15#CSV1,csv_spectrum,1,train
/Users/charleneleung/Documents/dkfz/data/Cat_Pig/Cat_atlas_deox/Cat_0007_kidney_ischem/data/P078_OP042_2021_02_07_Experiment1/2021_02_07_15_48_15/_hypergui_1/spectrum_fromCSV5_(500.0-995.0)_masked_data_0_derivative.csv,ischem,P078,2021_02_07_15_48_15,P078#2021_02_07_15_48_15#CSV5,csv_spectrum,1,train
/Users/charleneleung/Documents/dkfz/data/Cat_Pig/Cat_atlas_deox/Cat_0007_kidney_ischem/data/P078_OP042_2021_02_07_Experiment1/2021_02_07_15_53_45/_hypergui_1/spectrum_fromCSV1_(500.0-995.0)_masked_data_0_derivative.csv,ischem,P078,2021_02_07_15_53_45,P078#2021_02_07_15_53_45#CSV1,csv_spectrum,1,train
/Users/charleneleung/Documents/dkfz/data/Cat_Pig/Cat_atlas_deox/Cat_0007_kidney_ischem/data/P078_OP042_2021_02_07_Experiment1/2021_02_07_15_53_45/_hypergui_1/spectrum_fromCSV5_(500.0-995.0)_masked_data_0_derivative.csv,ischem,P078,2021_02_07_15_53_45,P078#2021_02_07_15_53_45#CSV5,csv_spectrum,1,train
/Users/charleneleung/Documents/dkfz/data/Cat_Pig/Cat_atlas_deox/Cat_0007_kidney_ischem/data/P078_OP042_2021_02_07_Experiment1/2021_02_07_15_54_15/_hypergui_1/spectrum_fromCSV1_(500.0-995.0)_masked_data_0_derivative.csv,ischem,P078,2021_02_07_15_54_15,P078#2021_02_07_15_54_15#CSV1,csv_spectrum,1,train
/Users/charleneleung/Documents/dkfz/data/Cat_Pig/Cat_atlas_deox/Cat_0007_kidney_ischem/data/P078_OP042_2021_02_07_Experiment1/2021_02_07_15_54_15/_hypergui_1/spectrum_fromCSV5_(500.0-995.0)_masked_data_0_derivative.csv,ischem,P078,2021_02_07_15_54_15,P078#2021_02_07_15_54_15#CSV5,csv_spectrum,1,train
/Users/charleneleung/Documents/dkfz/data/Cat_Pig/Cat_atlas_deox/Cat_0007_kidney_ischem/data/P078_OP042_2021_02_07_Experiment1/2021_02_07_15_54_46/_hypergui_1/spectrum_fromCSV1_(500.0-995.0)_masked_data_0_derivative.csv,ischem,P078,2021_02_07_15_54_46,P078#2021_02_07_15_54_46#CSV1,csv_spectrum,1,train
/Users/charleneleung/Documents/dkfz/data/Cat_Pig/Cat_atlas_deox/Cat_0007_kidney_ischem/data/P078_OP042_2021_02_07_Experiment1/2021_02_07_15_54_46/_hypergui_1/spectrum_fromCSV5_(500.0-995.0)_masked_data_0_derivative.csv,ischem,P078,2021_02_07_15_54_46,P078#2021_02_07_15_54_46#CSV5,csv_spectrum,1,train
/Users/charleneleung/Documents/dkfz/data/Cat_Pig/Cat_atlas_deox/Cat_0007_kidney_ischem/data/P078_OP042_2021_02_07_Experiment1/2021_02_07_15_55_16/_hypergui_1/spectrum_fromCSV1_(500.0-995.0)_masked_data_0_derivative.csv,ischem,P078,2021_02_07_15_55_16,P078#2021_02_07_15_55_16#CSV1,csv_spectrum,1,train
/Users/charleneleung/Documents/dkfz/data/Cat_Pig/Cat_atlas_deox/Cat_0007_kidney_ischem/data/P078_OP042_2021_02_07_Experiment1/2021_02_07_15_55_16/_hypergui_1/spectrum_fromCSV5_(500.0-995.0)_masked_data_0_derivative.csv,ischem,P078,2021_02_07_15_55_16,P078#2021_02_07_15_55_16#CSV5,csv_spectrum,1,train
/Users/charleneleung/Documents/dkfz/data/Cat_Pig/Cat_atlas_deox/Cat_0007_kidney_ischem/data/P078_OP042_2021_02_07_Experiment1/2021_02_07_16_11_56/_hypergui_1/spectrum_fromCSV1_(500.0-995.0)_masked_data_0_derivative.csv,ischem,P078,2021_02_07_16_11_56,P078#2021_02_07_16_11_56#CSV1,csv_spectrum,1,train
/Users/charleneleung/Documents/dkfz/data/Cat_Pig/Cat_atlas_deox/Cat_0007_kidney_ischem/data/P078_OP042_2021_02_07_Experiment1/2021_02_07_16_11_56/_hypergui_1/spectrum_fromCSV5_(500.0-995.0)_masked_data_0_derivative.csv,ischem,P078,2021_02_07_16_11_56,P078#2021_02_07_16_11_56#CSV5,csv_spectrum,1,train
/Users/charleneleung/Documents/dkfz/data/Cat_Pig/Cat_atlas_deox/Cat_0007_kidney_ischem/data/P078_OP042_2021_02_07_Experiment1/2021_02_07_16_12_26/_hypergui_1/spectrum_fromCSV1_(500.0-995.0)_masked_data_0_derivative.csv,ischem,P078,2021_02_07_16_12_26,P078#2021_02_07_16_12_26#CSV1,csv_spectrum,1,train
/Users/charleneleung/Documents/dkfz/data/Cat_Pig/Cat_atlas_deox/Cat_0007_kidney_ischem/data/P078_OP042_2021_02_07_Experiment1/2021_02_07_16_12_26/_hypergui_1/spectrum_fromCSV5_(500.0-995.0)_masked_data_0_derivative.csv,ischem,P078,2021_02_07_16_12_26,P078#2021_02_07_16_12_26#CSV5,csv_spectrum,1,train
/Users/charleneleung/Documents/dkfz/data/Cat_Pig/Cat_atlas_deox/Cat_0007_kidney_ischem/data/P078_OP042_2021_02_07_Experiment1/2021_02_07_16_12_56/_hypergui_1/spectrum_fromCSV1_(500.0-995.0)_masked_data_0_derivative.csv,ischem,P078,2021_02_07_16_12_56,P078#2021_02_07_16_12_56#CSV1,csv_spectrum,1,train
/Users/charleneleung/Documents/dkfz/data/Cat_Pig/Cat_atlas_deox/Cat_0007_kidney_ischem/data/P078_OP042_2021_02_07_Experiment1/2021_02_07_16_12_56/_hypergui_1/spectrum_fromCSV5_(500.0-995.0)_masked_data_0_derivative.csv,ischem,P078,2021_02_07_16_12_56,P078#2021_02_07_16_12_56#CSV5,csv_spectrum,1,train
/Users/charleneleung/Documents/dkfz/data/Cat_Pig/Cat_atlas_deox/Cat_0007_kidney_ischem/data/P078_OP042_2021_02_07_Experiment1/2021_02_07_16_34_33/_hypergui_1/spectrum_fromCSV1_(500.0-995.0)_masked_data_0_derivative.csv,ischem,P078,2021_02_07_16_34_33,P078#2021_02_07_16_34_33#CSV1,csv_spectrum,1,train
/Users/charleneleung/Documents/dkfz/data/Cat_Pig/Cat_atlas_deox/Cat_0007_kidney_ischem/data/P078_OP042_2021_02_07_Experiment1/2021_02_07_16_34_33/_hypergui_1/spectrum_fromCSV5_(500.0-995.0)_masked_data_0_derivative.csv,ischem,P078,2021_02_07_16_34_33,P078#2021_02_07_16_34_33#CSV5,csv_spectrum,1,train
/Users/charleneleung/Documents/dkfz/data/Cat_Pig/Cat_atlas_deox/Cat_0007_kidney_ischem/data/P078_OP042_2021_02_07_Experiment1/2021_02_07_16_35_03/_hypergui_1/spectrum_fromCSV1_(500.0-995.0)_masked_data_0_derivative.csv,ischem,P078,2021_02_07_16_35_03,P078#2021_02_07_16_35_03#CSV1,csv_spectrum,1,train
/Users/charleneleung/Documents/dkfz/data/Cat_Pig/Cat_atlas_deox/Cat_0007_kidney_ischem/data/P078_OP042_2021_02_07_Experiment1/2021_02_07_16_35_03/_hypergui_1/spectrum_fromCSV5_(500.0-995.0)_masked_data_0_derivative.csv,ischem,P078,2021_02_07_16_35_03,P078#2021_02_07_16_35_03#CSV5,csv_spectrum,1,train
/Users/charleneleung/Documents/dkfz/data/Cat_Pig/Cat_atlas_deox/Cat_0007_kidney_ischem/data/P078_OP042_2021_02_07_Experiment1/2021_02_07_16_35_33/_hypergui_1/spectrum_fromCSV1_(500.0-995.0)_masked_data_0_derivative.csv,ischem,P078,2021_02_07_16_35_33,P078#2021_02_07_16_35_33#CSV1,csv_spectrum,1,train
/Users/charleneleung/Documents/dkfz/data/Cat_Pig/Cat_atlas_deox/Cat_0007_kidney_ischem/data/P078_OP042_2021_02_07_Experiment1/2021_02_07_16_35_33/_hypergui_1/spectrum_fromCSV5_(500.0-995.0)_masked_data_0_derivative.csv,ischem,P078,2021_02_07_16_35_33,P078#2021_02_07_16_35_33#CSV5,csv_spectrum,1,train
/Users/charleneleung/Documents/dkfz/data/Cat_Pig/Cat_atlas_deox/Cat_0007_kidney_ischem/data/P078_OP042_2021_02_07_Experiment1/2021_02_07_16_36_03/_hypergui_1/spectrum_fromCSV1_(500.0-995.0)_masked_data_0_derivative.csv,ischem,P078,2021_02_07_16_36_03,P078#2021_02_07_16_36_03#CSV1,csv_spectrum,1,train
/Users/charleneleung/Documents/dkfz/data/Cat_Pig/Cat_atlas_deox/Cat_0007_kidney_ischem/data/P078_OP042_2021_02_07_Experiment1/2021_02_07_16_36_03/_hypergui_1/spectrum_fromCSV5_(500.0-995.0)_masked_data_0_derivative.csv,ischem,P078,2021_02_07_16_36_03,P078#2021_02_07_16_36_03#CSV5,csv_spectrum,1,train
/Users/charleneleung/Documents/dkfz/data/Cat_Pig/Cat_atlas_deox/Cat_0007_kidney_ischem/data/P078_OP042_2021_02_07_Experiment1/2021_02_07_16_39_03/_hypergui_1/spectrum_fromCSV1_(500.0-995.0)_masked_data_0_derivative.csv,ischem,P078,2021_02_07_16_39_03,P078#2021_02_07_16_39_03#CSV1,csv_spectrum,1,train
/Users/charleneleung/Documents/dkfz/data/Cat_Pig/Cat_atlas_deox/Cat_0007_kidney_ischem/data/P078_OP042_2021_02_07_Experiment1/2021_02_07_16_39_03/_hypergui_1/spectrum_fromCSV5_(500.0-995.0)_masked_data_0_derivative.csv,ischem,P078,2021_02_07_16_39_03,P078#2021_02_07_16_39_03#CSV5,csv_spectrum,1,train
/Users/charleneleung/Documents/dkfz/data/Cat_Pig/Cat_atlas_deox/Cat_0007_kidney_ischem/data/P078_OP042_2021_02_07_Experiment1/2021_02_07_16_39_33/_hypergui_1/spectrum_fromCSV1_(500.0-995.0)_masked_data_0_derivative.csv,ischem,P078,2021_02_07_16_39_33,P078#2021_02_07_16_39_33#CSV1,csv_spectrum,1,train
/Users/charleneleung/Documents/dkfz/data/Cat_Pig/Cat_atlas_deox/Cat_0007_kidney_ischem/data/P078_OP042_2021_02_07_Experiment1/2021_02_07_16_39_33/_hypergui_1/spectrum_fromCSV5_(500.0-995.0)_masked_data_0_derivative.csv,ischem,P078,2021_02_07_16_39_33,P078#2021_02_07_16_39_33#CSV5,csv_spectrum,1,train
/Users/charleneleung/Documents/dkfz/data/Cat_Pig/Cat_atlas_deox/Cat_0007_kidney_ischem/data/P078_OP042_2021_02_07_Experiment1/2021_02_07_16_40_03/_hypergui_1/spectrum_fromCSV1_(500.0-995.0)_masked_data_0_derivative.csv,ischem,P078,2021_02_07_16_40_03,P078#2021_02_07_16_40_03#CSV1,csv_spectrum,1,train
/Users/charleneleung/Documents/dkfz/data/Cat_Pig/Cat_atlas_deox/Cat_0007_kidney_ischem/data/P078_OP042_2021_02_07_Experiment1/2021_02_07_16_40_03/_hypergui_1/spectrum_fromCSV5_(500.0-995.0)_masked_data_0_derivative.csv,ischem,P078,2021_02_07_16_40_03,P078#2021_02_07_16_40_03#CSV5,csv_spectrum,1,train
/Users/charleneleung/Documents/dkfz/data/Cat_Pig/Cat_atlas_deox/Cat_0007_kidney_ischem/data/P078_OP042_2021_02_07_Experiment1/2021_02_07_16_40_33/_hypergui_1/spectrum_fromCSV1_(500.0-995.0)_masked_data_0_derivative.csv,ischem,P078,2021_02_07_16_40_33,P078#2021_02_07_16_40_33#CSV1,csv_spectrum,1,train
/Users/charleneleung/Documents/dkfz/data/Cat_Pig/Cat_atlas_deox/Cat_0007_kidney_ischem/data/P078_OP042_2021_02_07_Experiment1/2021_02_07_16_40_33/_hypergui_1/spectrum_fromCSV5_(500.0-995.0)_masked_data_0_derivative.csv,ischem,P078,2021_02_07_16_40_33,P078#2021_02_07_16_40_33#CSV5,csv_spectrum,1,train
/Users/charleneleung/Documents/dkfz/data/Cat_Pig/Cat_atlas_deox/Cat_0007_kidney_ischem/data/P078_OP042_2021_02_07_Experiment1/2021_02_07_21_36_50/_hypergui_1/spectrum_fromCSV1_(500.0-995.0)_masked_data_0_derivative.csv,ischem,P078,2021_02_07_21_36_50,P078#2021_02_07_21_36_50#CSV1,csv_spectrum,1,train
/Users/charleneleung/Documents/dkfz/data/Cat_Pig/Cat_atlas_deox/Cat_0007_kidney_ischem/data/P078_OP042_2021_02_07_Experiment1/2021_02_07_21_36_50/_hypergui_1/spectrum_fromCSV5_(500.0-995.0)_masked_data_0_derivative.csv,ischem,P078,2021_02_07_21_36_50,P078#2021_02_07_21_36_50#CSV5,csv_spectrum,1,train
/Users/charleneleung/Documents/dkfz/data/Cat_Pig/Cat_atlas_deox/Cat_0007_kidney_ischem/data/P078_OP042_2021_02_07_Experiment1/2021_02_07_21_37_20/_hypergui_1/spectrum_fromCSV1_(500.0-995.0)_masked_data_0_derivative.csv,ischem,P078,2021_02_07_21_37_20,P078#2021_02_07_21_37_20#CSV1,csv_spectrum,1,train
/Users/charleneleung/Documents/dkfz/data/Cat_Pig/Cat_atlas_deox/Cat_0007_kidney_ischem/data/P078_OP042_2021_02_07_Experiment1/2021_02_07_21_37_20/_hypergui_1/spectrum_fromCSV5_(500.0-995.0)_masked_data_0_derivative.csv,ischem,P078,2021_02_07_21_37_20,P078#2021_02_07_21_37_20#CSV5,csv_spectrum,1,train
/Users/charleneleung/Documents/dkfz/data/Cat_Pig/Cat_atlas_deox/Cat_0007_kidney_ischem/data/P080_OP044_2021_02_14_Experiment1/2021_02_14_14_48_45/_hypergui_1/spectrum_fromCSV1_(500.0-995.0)_masked_data_0_derivative.csv,ischem,P080,2021_02_14_14_48_45,P080#2021_02_14_14_48_45#CSV1,csv_spectrum,1,train
/Users/charleneleung/Documents/dkfz/data/Cat_Pig/Cat_atlas_deox/Cat_0007_kidney_ischem/data/P080_OP044_2021_02_14_Experiment1/2021_02_14_14_48_45/_hypergui_1/spectrum_fromCSV5_(500.0-995.0)_masked_data_0_derivative.csv,ischem,P080,2021_02_14_14_48_45,P080#2021_02_14_14_48_45#CSV5,csv_spectrum,1,train
/Users/charleneleung/Documents/dkfz/data/Cat_Pig/Cat_atlas_deox/Cat_0007_kidney_ischem/data/P080_OP044_2021_02_14_Experiment1/2021_02_14_14_49_15/_hypergui_1/spectrum_fromCSV1_(500.0-995.0)_masked_data_0_derivative.csv,ischem,P080,2021_02_14_14_49_15,P080#2021_02_14_14_49_15#CSV1,csv_spectrum,1,train
/Users/charleneleung/Documents/dkfz/data/Cat_Pig/Cat_atlas_deox/Cat_0007_kidney_ischem/data/P080_OP044_2021_02_14_Experiment1/2021_02_14_14_49_15/_hypergui_1/spectrum_fromCSV5_(500.0-995.0)_masked_data_0_derivative.csv,ischem,P080,2021_02_14_14_49_15,P080#2021_02_14_14_49_15#CSV5,csv_spectrum,1,train
/Users/charleneleung/Documents/dkfz/data/Cat_Pig/Cat_atlas_deox/Cat_0007_kidney_ischem/data/P080_OP044_2021_02_14_Experiment1/2021_02_14_15_02_34/_hypergui_1/spectrum_fromCSV1_(500.0-995.0)_masked_data_0_derivative.csv,ischem,P080,2021_02_14_15_02_34,P080#2021_02_14_15_02_34#CSV1,csv_spectrum,1,train
/Users/charleneleung/Documents/dkfz/data/Cat_Pig/Cat_atlas_deox/Cat_0007_kidney_ischem/data/P080_OP044_2021_02_14_Experiment1/2021_02_14_15_02_34/_hypergui_1/spectrum_fromCSV5_(500.0-995.0)_masked_data_0_derivative.csv,ischem,P080,2021_02_14_15_02_34,P080#2021_02_14_15_02_34#CSV5,csv_spectrum,1,train
/Users/charleneleung/Documents/dkfz/data/Cat_Pig/Cat_atlas_deox/Cat_0007_kidney_ischem/data/P080_OP044_2021_02_14_Experiment1/2021_02_14_15_03_04/_hypergui_1/spectrum_fromCSV1_(500.0-995.0)_masked_data_0_derivative.csv,ischem,P080,2021_02_14_15_03_04,P080#2021_02_14_15_03_04#CSV1,csv_spectrum,1,train
/Users/charleneleung/Documents/dkfz/data/Cat_Pig/Cat_atlas_deox/Cat_0007_kidney_ischem/data/P080_OP044_2021_02_14_Experiment1/2021_02_14_15_03_04/_hypergui_1/spectrum_fromCSV5_(500.0-995.0)_masked_data_0_derivative.csv,ischem,P080,2021_02_14_15_03_04,P080#2021_02_14_15_03_04#CSV5,csv_spectrum,1,train
/Users/charleneleung/Documents/dkfz/data/Cat_Pig/Cat_atlas_deox/Cat_0007_kidney_ischem/data/P080_OP044_2021_02_14_Experiment1/2021_02_14_16_23_35/_hypergui_1/spectrum_fromCSV1_(500.0-995.0)_masked_data_0_derivative.csv,ischem,P080,2021_02_14_16_23_35,P080#2021_02_14_16_23_35#CSV1,csv_spectrum,1,train
/Users/charleneleung/Documents/dkfz/data/Cat_Pig/Cat_atlas_deox/Cat_0007_kidney_ischem/data/P080_OP044_2021_02_14_Experiment1/2021_02_14_16_23_35/_hypergui_1/spectrum_fromCSV5_(500.0-995.0)_masked_data_0_derivative.csv,ischem,P080,2021_02_14_16_23_35,P080#2021_02_14_16_23_35#CSV5,csv_spectrum,1,train
/Users/charleneleung/Documents/dkfz/data/Cat_Pig/Cat_atlas_deox/Cat_0007_kidney_ischem/data/P080_OP044_2021_02_14_Experiment1/2021_02_14_16_35_49/_hypergui_1/spectrum_fromCSV1_(500.0-995.0)_masked_data_0_derivative.csv,ischem,P080,2021_02_14_16_35_49,P080#2021_02_14_16_35_49#CSV1,csv_spectrum,1,train
/Users/charleneleung/Documents/dkfz/data/Cat_Pig/Cat_atlas_deox/Cat_0007_kidney_ischem/data/P080_OP044_2021_02_14_Experiment1/2021_02_14_16_35_49/_hypergui_1/spectrum_fromCSV5_(500.0-995.0)_masked_data_0_derivative.csv,ischem,P080,2021_02_14_16_35_49,P080#2021_02_14_16_35_49#CSV5,csv_spectrum,1,train
/Users/charleneleung/Documents/dkfz/data/Cat_Pig/Cat_atlas_deox/Cat_0007_kidney_ischem/data/P080_OP044_2021_02_14_Experiment1/2021_02_14_16_36_19/_hypergui_1/spectrum_fromCSV1_(500.0-995.0)_masked_data_0_derivative.csv,ischem,P080,2021_02_14_16_36_19,P080#2021_02_14_16_36_19#CSV1,csv_spectrum,1,train
/Users/charleneleung/Documents/dkfz/data/Cat_Pig/Cat_atlas_deox/Cat_0007_kidney_ischem/data/P080_OP044_2021_02_14_Experiment1/2021_02_14_16_36_19/_hypergui_1/spectrum_fromCSV5_(500.0-995.0)_masked_data_0_derivative.csv,ischem,P080,2021_02_14_16_36_19,P080#2021_02_14_16_36_19#CSV5,csv_spectrum,1,train
/Users/charleneleung/Documents/dkfz/data/Cat_Pig/Cat_atlas_deox/Cat_0007_kidney_ischem/data/P095_OP059_2021_05_02_Experiment1/2021_05_02_13_53_41/_hypergui_1/spectrum_fromCSV1_(500.0-995.0)_masked_data_0_derivative.csv,ischem,P095,2021_05_02_13_53_41,P095#2021_05_02_13_53_41#CSV1,csv_spectrum,1,train
/Users/charleneleung/Documents/dkfz/data/Cat_Pig/Cat_atlas_deox/Cat_0007_kidney_ischem/data/P095_OP059_2021_05_02_Experiment1/2021_05_02_13_53_41/_hypergui_1/spectrum_fromCSV5_(500.0-995.0)_masked_data_0_derivative.csv,ischem,P095,2021_05_02_13_53_41,P095#2021_05_02_13_53_41#CSV5,csv_spectrum,1,train
/Users/charleneleung/Documents/dkfz/data/Cat_Pig/Cat_atlas_deox/Cat_0007_kidney_ischem/data/P095_OP059_2021_05_02_Experiment1/2021_05_02_13_54_11/_hypergui_1/spectrum_fromCSV1_(500.0-995.0)_masked_data_0_derivative.csv,ischem,P095,2021_05_02_13_54_11,P095#2021_05_02_13_54_11#CSV1,csv_spectrum,1,train
/Users/charleneleung/Documents/dkfz/data/Cat_Pig/Cat_atlas_deox/Cat_0007_kidney_ischem/data/P095_OP059_2021_05_02_Experiment1/2021_05_02_13_54_11/_hypergui_1/spectrum_fromCSV5_(500.0-995.0)_masked_data_0_derivative.csv,ischem,P095,2021_05_02_13_54_11,P095#2021_05_02_13_54_11#CSV5,csv_spectrum,1,train
/Users/charleneleung/Documents/dkfz/data/Cat_Pig/Cat_atlas_deox/Cat_0007_kidney_ischem/data/P095_OP059_2021_05_02_Experiment1/2021_05_02_14_05_45/_hypergui_1/spectrum_fromCSV1_(500.0-995.0)_masked_data_0_derivative.csv,ischem,P095,2021_05_02_14_05_45,P095#2021_05_02_14_05_45#CSV1,csv_spectrum,1,train
/Users/charleneleung/Documents/dkfz/data/Cat_Pig/Cat_atlas_deox/Cat_0007_kidney_ischem/data/P095_OP059_2021_05_02_Experiment1/2021_05_02_14_05_45/_hypergui_1/spectrum_fromCSV5_(500.0-995.0)_masked_data_0_derivative.csv,ischem,P095,2021_05_02_14_05_45,P095#2021_05_02_14_05_45#CSV5,csv_spectrum,1,train
/Users/charleneleung/Documents/dkfz/data/Cat_Pig/Cat_atlas_deox/Cat_0007_kidney_ischem/data/P095_OP059_2021_05_02_Experiment1/2021_05_02_14_06_15/_hypergui_1/spectrum_fromCSV1_(500.0-995.0)_masked_data_0_derivative.csv,ischem,P095,2021_05_02_14_06_15,P095#2021_05_02_14_06_15#CSV1,csv_spectrum,1,train
/Users/charleneleung/Documents/dkfz/data/Cat_Pig/Cat_atlas_deox/Cat_0007_kidney_ischem/data/P095_OP059_2021_05_02_Experiment1/2021_05_02_14_06_15/_hypergui_1/spectrum_fromCSV5_(500.0-995.0)_masked_data_0_derivative.csv,ischem,P095,2021_05_02_14_06_15,P095#2021_05_02_14_06_15#CSV5,csv_spectrum,1,train
/Users/charleneleung/Documents/dkfz/data/Cat_Pig/Cat_atlas_deox/Cat_0007_kidney_ischem/data/P095_OP059_2021_05_02_Experiment1/2021_05_02_15_50_30/_hypergui_1/spectrum_fromCSV1_(500.0-995.0)_masked_data_0_derivative.csv,ischem,P095,2021_05_02_15_50_30,P095#2021_05_02_15_50_30#CSV1,csv_spectrum,1,train
/Users/charleneleung/Documents/dkfz/data/Cat_Pig/Cat_atlas_deox/Cat_0007_kidney_ischem/data/P095_OP059_2021_05_02_Experiment1/2021_05_02_15_50_30/_hypergui_1/spectrum_fromCSV5_(500.0-995.0)_masked_data_0_derivative.csv,ischem,P095,2021_05_02_15_50_30,P095#2021_05_02_15_50_30#CSV5,csv_spectrum,1,train
/Users/charleneleung/Documents/dkfz/data/Cat_Pig/Cat_atlas_deox/Cat_0007_kidney_ischem/data/P095_OP059_2021_05_02_Experiment1/2021_05_02_15_51_00/_hypergui_1/spectrum_fromCSV1_(500.0-995.0)_masked_data_0_derivative.csv,ischem,P095,2021_05_02_15_51_00,P095#2021_05_02_15_51_00#CSV1,csv_spectrum,1,train
/Users/charleneleung/Documents/dkfz/data/Cat_Pig/Cat_atlas_deox/Cat_0007_kidney_ischem/data/P095_OP059_2021_05_02_Experiment1/2021_05_02_15_51_00/_hypergui_1/spectrum_fromCSV5_(500.0-995.0)_masked_data_0_derivative.csv,ischem,P095,2021_05_02_15_51_00,P095#2021_05_02_15_51_00#CSV5,csv_spectrum,1,train
/Users/charleneleung/Documents/dkfz/data/Cat_Pig/Cat_atlas_deox/Cat_0007_kidney_ischem/data/P095_OP059_2021_05_02_Experiment1/2021_05_02_16_03_36/_hypergui_1/spectrum_fromCSV1_(500.0-995.0)_masked_data_0_derivative.csv,ischem,P095,2021_05_02_16_03_36,P095#2021_05_02_16_03_36#CSV1,csv_spectrum,1,train
/Users/charleneleung/Documents/dkfz/data/Cat_Pig/Cat_atlas_deox/Cat_0007_kidney_ischem/data/P095_OP059_2021_05_02_Experiment1/2021_05_02_16_03_36/_hypergui_1/spectrum_fromCSV5_(500.0-995.0)_masked_data_0_derivative.csv,ischem,P095,2021_05_02_16_03_36,P095#2021_05_02_16_03_36#CSV5,csv_spectrum,1,train
/Users/charleneleung/Documents/dkfz/data/Cat_Pig/Cat_atlas_deox/Cat_0007_kidney_ischem/data/P095_OP059_2021_05_02_Experiment1/2021_05_02_16_04_06/_hypergui_1/spectrum_fromCSV1_(500.0-995.0)_masked_data_0_derivative.csv,ischem,P095,2021_05_02_16_04_06,P095#2021_05_02_16_04_06#CSV1,csv_spectrum,1,train
/Users/charleneleung/Documents/dkfz/data/Cat_Pig/Cat_atlas_deox/Cat_0007_kidney_ischem/data/P095_OP059_2021_05_02_Experiment1/2021_05_02_16_04_06/_hypergui_1/spectrum_fromCSV5_(500.0-995.0)_masked_data_0_derivative.csv,ischem,P095,2021_05_02_16_04_06,P095#2021_05_02_16_04_06#CSV5,csv_spectrum,1,train
/Users/charleneleung/Documents/dkfz/data/Cat_Pig/Cat_atlas_deox/Cat_0007_kidney_ischem/data/P098_OP062_2021_07_06_Experiment1/2021_07_06_13_36_18/_hypergui_1/spectrum_fromCSV1_(500.0-995.0)_masked_data_0_derivative.csv,ischem,P098,2021_07_06_13_36_18,P098#2021_07_06_13_36_18#CSV1,csv_spectrum,1,train
/Users/charleneleung/Documents/dkfz/data/Cat_Pig/Cat_atlas_deox/Cat_0007_kidney_ischem/data/P098_OP062_2021_07_06_Experiment1/2021_07_06_13_36_18/_hypergui_1/spectrum_fromCSV5_(500.0-995.0)_masked_data_0_derivative.csv,ischem,P098,2021_07_06_13_36_18,P098#2021_07_06_13_36_18#CSV5,csv_spectrum,1,train
/Users/charleneleung/Documents/dkfz/data/Cat_Pig/Cat_atlas_deox/Cat_0007_kidney_ischem/data/P098_OP062_2021_07_06_Experiment1/2021_07_06_13_36_48/_hypergui_1/spectrum_fromCSV1_(500.0-995.0)_masked_data_0_derivative.csv,ischem,P098,2021_07_06_13_36_48,P098#2021_07_06_13_36_48#CSV1,csv_spectrum,1,train
/Users/charleneleung/Documents/dkfz/data/Cat_Pig/Cat_atlas_deox/Cat_0007_kidney_ischem/data/P098_OP062_2021_07_06_Experiment1/2021_07_06_13_36_48/_hypergui_1/spectrum_fromCSV5_(500.0-995.0)_masked_data_0_derivative.csv,ischem,P098,2021_07_06_13_36_48,P098#2021_07_06_13_36_48#CSV5,csv_spectrum,1,train
/Users/charleneleung/Documents/dkfz/data/Cat_Pig/Cat_atlas_deox/Cat_0007_kidney_ischem/data/P098_OP062_2021_07_06_Experiment1/2021_07_06_13_37_18/_hypergui_1/spectrum_fromCSV1_(500.0-995.0)_masked_data_0_derivative.csv,ischem,P098,2021_07_06_13_37_18,P098#2021_07_06_13_37_18#CSV1,csv_spectrum,1,train
/Users/charleneleung/Documents/dkfz/data/Cat_Pig/Cat_atlas_deox/Cat_0007_kidney_ischem/data/P098_OP062_2021_07_06_Experiment1/2021_07_06_13_37_18/_hypergui_1/spectrum_fromCSV5_(500.0-995.0)_masked_data_0_derivative.csv,ischem,P098,2021_07_06_13_37_18,P098#2021_07_06_13_37_18#CSV5,csv_spectrum,1,train
/Users/charleneleung/Documents/dkfz/data/Cat_Pig/Cat_atlas_deox/Cat_0007_kidney_ischem/data/P098_OP062_2021_07_06_Experiment1/2021_07_06_13_56_14/_hypergui_1/spectrum_fromCSV1_(500.0-995.0)_masked_data_0_derivative.csv,ischem,P098,2021_07_06_13_56_14,P098#2021_07_06_13_56_14#CSV1,csv_spectrum,1,train
/Users/charleneleung/Documents/dkfz/data/Cat_Pig/Cat_atlas_deox/Cat_0007_kidney_ischem/data/P098_OP062_2021_07_06_Experiment1/2021_07_06_13_56_14/_hypergui_1/spectrum_fromCSV5_(500.0-995.0)_masked_data_0_derivative.csv,ischem,P098,2021_07_06_13_56_14,P098#2021_07_06_13_56_14#CSV5,csv_spectrum,1,train
/Users/charleneleung/Documents/dkfz/data/Cat_Pig/Cat_atlas_deox/Cat_0007_kidney_ischem/data/P098_OP062_2021_07_06_Experiment1/2021_07_06_13_56_44/_hypergui_1/spectrum_fromCSV1_(500.0-995.0)_masked_data_0_derivative.csv,ischem,P098,2021_07_06_13_56_44,P098#2021_07_06_13_56_44#CSV1,csv_spectrum,1,train
/Users/charleneleung/Documents/dkfz/data/Cat_Pig/Cat_atlas_deox/Cat_0007_kidney_ischem/data/P098_OP062_2021_07_06_Experiment1/2021_07_06_13_56_44/_hypergui_1/spectrum_fromCSV5_(500.0-995.0)_masked_data_0_derivative.csv,ischem,P098,2021_07_06_13_56_44,P098#2021_07_06_13_56_44#CSV5,csv_spectrum,1,train
/Users/charleneleung/Documents/dkfz/data/Cat_Pig/Cat_atlas_deox/Cat_0007_kidney_ischem/data/P098_OP062_2021_07_06_Experiment1/2021_07_06_15_33_43/_hypergui_1/spectrum_fromCSV1_(500.0-995.0)_masked_data_0_derivative.csv,ischem,P098,2021_07_06_15_33_43,P098#2021_07_06_15_33_43#CSV1,csv_spectrum,1,train
/Users/charleneleung/Documents/dkfz/data/Cat_Pig/Cat_atlas_deox/Cat_0007_kidney_ischem/data/P098_OP062_2021_07_06_Experiment1/2021_07_06_15_33_43/_hypergui_1/spectrum_fromCSV5_(500.0-995.0)_masked_data_0_derivative.csv,ischem,P098,2021_07_06_15_33_43,P098#2021_07_06_15_33_43#CSV5,csv_spectrum,1,train
/Users/charleneleung/Documents/dkfz/data/Cat_Pig/Cat_atlas_deox/Cat_0007_kidney_ischem/data/P098_OP062_2021_07_06_Experiment1/2021_07_06_15_34_13/_hypergui_1/spectrum_fromCSV1_(500.0-995.0)_masked_data_0_derivative.csv,ischem,P098,2021_07_06_15_34_13,P098#2021_07_06_15_34_13#CSV1,csv_spectrum,1,train
/Users/charleneleung/Documents/dkfz/data/Cat_Pig/Cat_atlas_deox/Cat_0007_kidney_ischem/data/P098_OP062_2021_07_06_Experiment1/2021_07_06_15_34_13/_hypergui_1/spectrum_fromCSV5_(500.0-995.0)_masked_data_0_derivative.csv,ischem,P098,2021_07_06_15_34_13,P098#2021_07_06_15_34_13#CSV5,csv_spectrum,1,train
/Users/charleneleung/Documents/dkfz/data/Cat_Pig/Cat_atlas_deox/Cat_0007_kidney_ischem/data/P098_OP062_2021_07_06_Experiment1/2021_07_06_15_34_43/_hypergui_1/spectrum_fromCSV1_(500.0-995.0)_masked_data_0_derivative.csv,ischem,P098,2021_07_06_15_34_43,P098#2021_07_06_15_34_43#CSV1,csv_spectrum,1,train
/Users/charleneleung/Documents/dkfz/data/Cat_Pig/Cat_atlas_deox/Cat_0007_kidney_ischem/data/P098_OP062_2021_07_06_Experiment1/2021_07_06_15_34_43/_hypergui_1/spectrum_fromCSV5_(500.0-995.0)_masked_data_0_derivative.csv,ischem,P098,2021_07_06_15_34_43,P098#2021_07_06_15_34_43#CSV5,csv_spectrum,1,train
/Users/charleneleung/Documents/dkfz/data/Cat_Pig/Cat_atlas_deox/Cat_0007_kidney_ischem/data/P098_OP062_2021_07_06_Experiment1/2021_07_06_15_35_14/_hypergui_1/spectrum_fromCSV1_(500.0-995.0)_masked_data_0_derivative.csv,ischem,P098,2021_07_06_15_35_14,P098#2021_07_06_15_35_14#CSV1,csv_spectrum,1,train
/Users/charleneleung/Documents/dkfz/data/Cat_Pig/Cat_atlas_deox/Cat_0007_kidney_ischem/data/P098_OP062_2021_07_06_Experiment1/2021_07_06_15_35_14/_hypergui_1/spectrum_fromCSV5_(500.0-995.0)_masked_data_0_derivative.csv,ischem,P098,2021_07_06_15_35_14,P098#2021_07_06_15_35_14#CSV5,csv_spectrum,1,train
/Users/charleneleung/Documents/dkfz/data/Cat_Pig/Cat_atlas_deox/Cat_0007_kidney_ischem/data/P098_OP062_2021_07_06_Experiment1/2021_07_06_15_35_44/_hypergui_1/spectrum_fromCSV1_(500.0-995.0)_masked_data_0_derivative.csv,ischem,P098,2021_07_06_15_35_44,P098#2021_07_06_15_35_44#CSV1,csv_spectrum,1,train
/Users/charleneleung/Documents/dkfz/data/Cat_Pig/Cat_atlas_deox/Cat_0007_kidney_ischem/data/P098_OP062_2021_07_06_Experiment1/2021_07_06_15_35_44/_hypergui_1/spectrum_fromCSV5_(500.0-995.0)_masked_data_0_derivative.csv,ischem,P098,2021_07_06_15_35_44,P098#2021_07_06_15_35_44#CSV5,csv_spectrum,1,train
/Users/charleneleung/Documents/dkfz/data/Cat_Pig/Cat_atlas_deox/Cat_0007_kidney_ischem/data/P098_OP062_2021_07_06_Experiment1/2021_07_06_15_54_03/_hypergui_1/spectrum_fromCSV1_(500.0-995.0)_masked_data_0_derivative.csv,ischem,P098,2021_07_06_15_54_03,P098#2021_07_06_15_54_03#CSV1,csv_spectrum,1,train
/Users/charleneleung/Documents/dkfz/data/Cat_Pig/Cat_atlas_deox/Cat_0007_kidney_ischem/data/P098_OP062_2021_07_06_Experiment1/2021_07_06_15_54_03/_hypergui_1/spectrum_fromCSV5_(500.0-995.0)_masked_data_0_derivative.csv,ischem,P098,2021_07_06_15_54_03,P098#2021_07_06_15_54_03#CSV5,csv_spectrum,1,train
/Users/charleneleung/Documents/dkfz/data/Cat_Pig/Cat_atlas_deox/Cat_0007_kidney_ischem/data/P098_OP062_2021_07_06_Experiment1/2021_07_06_15_54_33/_hypergui_1/spectrum_fromCSV1_(500.0-995.0)_masked_data_0_derivative.csv,ischem,P098,2021_07_06_15_54_33,P098#2021_07_06_15_54_33#CSV1,csv_spectrum,1,train
/Users/charleneleung/Documents/dkfz/data/Cat_Pig/Cat_atlas_deox/Cat_0007_kidney_ischem/data/P098_OP062_2021_07_06_Experiment1/2021_07_06_15_54_33/_hypergui_1/spectrum_fromCSV5_(500.0-995.0)_masked_data_0_derivative.csv,ischem,P098,2021_07_06_15_54_33,P098#2021_07_06_15_54_33#CSV5,csv_spectrum,1,train
/Users/charleneleung/Documents/dkfz/data/Cat_Pig/Cat_atlas_deox/Cat_0007_kidney_ischem/data/P098_OP062_2021_07_06_Experiment1/2021_07_06_15_55_03/_hypergui_1/spectrum_fromCSV1_(500.0-995.0)_masked_data_0_derivative.csv,ischem,P098,2021_07_06_15_55_03,P098#2021_07_06_15_55_03#CSV1,csv_spectrum,1,train
/Users/charleneleung/Documents/dkfz/data/Cat_Pig/Cat_atlas_deox/Cat_0007_kidney_ischem/data/P098_OP062_2021_07_06_Experiment1/2021_07_06_15_55_03/_hypergui_1/spectrum_fromCSV5_(500.0-995.0)_masked_data_0_derivative.csv,ischem,P098,2021_07_06_15_55_03,P098#2021_07_06_15_55_03#CSV5,csv_spectrum,1,train
/Users/charleneleung/Documents/dkfz/data/Cat_Pig/Cat_atlas_deox/Cat_0007_kidney_ischem/data/P098_OP062_2021_07_06_Experiment1/2021_07_06_15_55_33/_hypergui_1/spectrum_fromCSV1_(500.0-995.0)_masked_data_0_derivative.csv,ischem,P098,2021_07_06_15_55_33,P098#2021_07_06_15_55_33#CSV1,csv_spectrum,1,train
/Users/charleneleung/Documents/dkfz/data/Cat_Pig/Cat_atlas_deox/Cat_0007_kidney_ischem/data/P098_OP062_2021_07_06_Experiment1/2021_07_06_15_55_33/_hypergui_1/spectrum_fromCSV5_(500.0-995.0)_masked_data_0_derivative.csv,ischem,P098,2021_07_06_15_55_33,P098#2021_07_06_15_55_33#CSV5,csv_spectrum,1,train
/Users/charleneleung/Documents/dkfz/data/Cat_Pig/Cat_atlas_deox/Cat_0007_kidney_stas/data/P078_OP042_2021_02_07_Experiment1/2021_02_07_16_00_36/_hypergui_1/spectrum_fromCSV1_(500.0-995.0)_masked_data_0_derivative.csv,stas,P078,2021_02_07_16_00_36,P078#2021_02_07_16_00_36#CSV1,csv_spectrum,2,train
/Users/charleneleung/Documents/dkfz/data/Cat_Pig/Cat_atlas_deox/Cat_0007_kidney_stas/data/P078_OP042_2021_02_07_Experiment1/2021_02_07_16_00_36/_hypergui_1/spectrum_fromCSV5_(500.0-995.0)_masked_data_0_derivative.csv,stas,P078,2021_02_07_16_00_36,P078#2021_02_07_16_00_36#CSV5,csv_spectrum,2,train
/Users/charleneleung/Documents/dkfz/data/Cat_Pig/Cat_atlas_deox/Cat_0007_kidney_stas/data/P078_OP042_2021_02_07_Experiment1/2021_02_07_16_08_26/_hypergui_1/spectrum_fromCSV1_(500.0-995.0)_masked_data_0_derivative.csv,stas,P078,2021_02_07_16_08_26,P078#2021_02_07_16_08_26#CSV1,csv_spectrum,2,train
/Users/charleneleung/Documents/dkfz/data/Cat_Pig/Cat_atlas_deox/Cat_0007_kidney_stas/data/P078_OP042_2021_02_07_Experiment1/2021_02_07_16_08_26/_hypergui_1/spectrum_fromCSV5_(500.0-995.0)_masked_data_0_derivative.csv,stas,P078,2021_02_07_16_08_26,P078#2021_02_07_16_08_26#CSV5,csv_spectrum,2,train
/Users/charleneleung/Documents/dkfz/data/Cat_Pig/Cat_atlas_deox/Cat_0007_kidney_stas/data/P078_OP042_2021_02_07_Experiment1/2021_02_07_16_31_02/_hypergui_1/spectrum_fromCSV1_(500.0-995.0)_masked_data_0_derivative.csv,stas,P078,2021_02_07_16_31_02,P078#2021_02_07_16_31_02#CSV1,csv_spectrum,2,train
/Users/charleneleung/Documents/dkfz/data/Cat_Pig/Cat_atlas_deox/Cat_0007_kidney_stas/data/P078_OP042_2021_02_07_Experiment1/2021_02_07_16_31_02/_hypergui_1/spectrum_fromCSV5_(500.0-995.0)_masked_data_0_derivative.csv,stas,P078,2021_02_07_16_31_02,P078#2021_02_07_16_31_02#CSV5,csv_spectrum,2,train
/Users/charleneleung/Documents/dkfz/data/Cat_Pig/Cat_atlas_deox/Cat_0007_kidney_stas/data/P078_OP042_2021_02_07_Experiment1/2021_02_07_16_31_33/_hypergui_1/spectrum_fromCSV1_(500.0-995.0)_masked_data_0_derivative.csv,stas,P078,2021_02_07_16_31_33,P078#2021_02_07_16_31_33#CSV1,csv_spectrum,2,train
/Users/charleneleung/Documents/dkfz/data/Cat_Pig/Cat_atlas_deox/Cat_0007_kidney_stas/data/P078_OP042_2021_02_07_Experiment1/2021_02_07_16_31_33/_hypergui_1/spectrum_fromCSV5_(500.0-995.0)_masked_data_0_derivative.csv,stas,P078,2021_02_07_16_31_33,P078#2021_02_07_16_31_33#CSV5,csv_spectrum,2,train
/Users/charleneleung/Documents/dkfz/data/Cat_Pig/Cat_atlas_deox/Cat_0007_kidney_stas/data/P080_OP044_2021_02_14_Experiment1/2021_02_14_14_41_25/_hypergui_1/spectrum_fromCSV1_(500.0-995.0)_masked_data_0_derivative.csv,stas,P080,2021_02_14_14_41_25,P080#2021_02_14_14_41_25#CSV1,csv_spectrum,2,train
/Users/charleneleung/Documents/dkfz/data/Cat_Pig/Cat_atlas_deox/Cat_0007_kidney_stas/data/P080_OP044_2021_02_14_Experiment1/2021_02_14_14_41_25/_hypergui_1/spectrum_fromCSV5_(500.0-995.0)_masked_data_0_derivative.csv,stas,P080,2021_02_14_14_41_25,P080#2021_02_14_14_41_25#CSV5,csv_spectrum,2,train
/Users/charleneleung/Documents/dkfz/data/Cat_Pig/Cat_atlas_deox/Cat_0007_kidney_stas/data/P080_OP044_2021_02_14_Experiment1/2021_02_14_14_41_55/_hypergui_1/spectrum_fromCSV1_(500.0-995.0)_masked_data_0_derivative.csv,stas,P080,2021_02_14_14_41_55,P080#2021_02_14_14_41_55#CSV1,csv_spectrum,2,train
/Users/charleneleung/Documents/dkfz/data/Cat_Pig/Cat_atlas_deox/Cat_0007_kidney_stas/data/P080_OP044_2021_02_14_Experiment1/2021_02_14_14_41_55/_hypergui_1/spectrum_fromCSV5_(500.0-995.0)_masked_data_0_derivative.csv,stas,P080,2021_02_14_14_41_55,P080#2021_02_14_14_41_55#CSV5,csv_spectrum,2,train
/Users/charleneleung/Documents/dkfz/data/Cat_Pig/Cat_atlas_deox/Cat_0007_kidney_stas/data/P080_OP044_2021_02_14_Experiment1/2021_02_14_14_53_32/_hypergui_1/spectrum_fromCSV1_(500.0-995.0)_masked_data_0_derivative.csv,stas,P080,2021_02_14_14_53_32,P080#2021_02_14_14_53_32#CSV1,csv_spectrum,2,train
/Users/charleneleung/Documents/dkfz/data/Cat_Pig/Cat_atlas_deox/Cat_0007_kidney_stas/data/P080_OP044_2021_02_14_Experiment1/2021_02_14_14_53_32/_hypergui_1/spectrum_fromCSV5_(500.0-995.0)_masked_data_0_derivative.csv,stas,P080,2021_02_14_14_53_32,P080#2021_02_14_14_53_32#CSV5,csv_spectrum,2,train
/Users/charleneleung/Documents/dkfz/data/Cat_Pig/Cat_atlas_deox/Cat_0007_kidney_stas/data/P080_OP044_2021_02_14_Experiment1/2021_02_14_14_54_02/_hypergui_1/spectrum_fromCSV1_(500.0-995.0)_masked_data_0_derivative.csv,stas,P080,2021_02_14_14_54_02,P080#2021_02_14_14_54_02#CSV1,csv_spectrum,2,train
/Users/charleneleung/Documents/dkfz/data/Cat_Pig/Cat_atlas_deox/Cat_0007_kidney_stas/data/P080_OP044_2021_02_14_Experiment1/2021_02_14_14_54_02/_hypergui_1/spectrum_fromCSV5_(500.0-995.0)_masked_data_0_derivative.csv,stas,P080,2021_02_14_14_54_02,P080#2021_02_14_14_54_02#CSV5,csv_spectrum,2,train
/Users/charleneleung/Documents/dkfz/data/Cat_Pig/Cat_atlas_deox/Cat_0007_kidney_stas/data/P080_OP044_2021_02_14_Experiment1/2021_02_14_15_06_22/_hypergui_1/spectrum_fromCSV1_(500.0-995.0)_masked_data_0_derivative.csv,stas,P080,2021_02_14_15_06_22,P080#2021_02_14_15_06_22#CSV1,csv_spectrum,2,train
/Users/charleneleung/Documents/dkfz/data/Cat_Pig/Cat_atlas_deox/Cat_0007_kidney_stas/data/P080_OP044_2021_02_14_Experiment1/2021_02_14_15_06_22/_hypergui_1/spectrum_fromCSV5_(500.0-995.0)_masked_data_0_derivative.csv,stas,P080,2021_02_14_15_06_22,P080#2021_02_14_15_06_22#CSV5,csv_spectrum,2,train
/Users/charleneleung/Documents/dkfz/data/Cat_Pig/Cat_atlas_deox/Cat_0007_kidney_stas/data/P080_OP044_2021_02_14_Experiment1/2021_02_14_16_27_49/_hypergui_1/spectrum_fromCSV1_(500.0-995.0)_masked_data_0_derivative.csv,stas,P080,2021_02_14_16_27_49,P080#2021_02_14_16_27_49#CSV1,csv_spectrum,2,train
/Users/charleneleung/Documents/dkfz/data/Cat_Pig/Cat_atlas_deox/Cat_0007_kidney_stas/data/P080_OP044_2021_02_14_Experiment1/2021_02_14_16_27_49/_hypergui_1/spectrum_fromCSV5_(500.0-995.0)_masked_data_0_derivative.csv,stas,P080,2021_02_14_16_27_49,P080#2021_02_14_16_27_49#CSV5,csv_spectrum,2,train
/Users/charleneleung/Documents/dkfz/data/Cat_Pig/Cat_atlas_deox/Cat_0007_kidney_stas/data/P080_OP044_2021_02_14_Experiment1/2021_02_14_16_28_19/_hypergui_1/spectrum_fromCSV1_(500.0-995.0)_masked_data_0_derivative.csv,stas,P080,2021_02_14_16_28_19,P080#2021_02_14_16_28_19#CSV1,csv_spectrum,2,train
/Users/charleneleung/Documents/dkfz/data/Cat_Pig/Cat_atlas_deox/Cat_0007_kidney_stas/data/P080_OP044_2021_02_14_Experiment1/2021_02_14_16_28_19/_hypergui_1/spectrum_fromCSV5_(500.0-995.0)_masked_data_0_derivative.csv,stas,P080,2021_02_14_16_28_19,P080#2021_02_14_16_28_19#CSV5,csv_spectrum,2,train
/Users/charleneleung/Documents/dkfz/data/Cat_Pig/Cat_atlas_deox/Cat_0007_kidney_stas/data/P080_OP044_2021_02_14_Experiment1/2021_02_14_16_39_41/_hypergui_1/spectrum_fromCSV1_(500.0-995.0)_masked_data_0_derivative.csv,stas,P080,2021_02_14_16_39_41,P080#2021_02_14_16_39_41#CSV1,csv_spectrum,2,train
/Users/charleneleung/Documents/dkfz/data/Cat_Pig/Cat_atlas_deox/Cat_0007_kidney_stas/data/P080_OP044_2021_02_14_Experiment1/2021_02_14_16_39_41/_hypergui_1/spectrum_fromCSV5_(500.0-995.0)_masked_data_0_derivative.csv,stas,P080,2021_02_14_16_39_41,P080#2021_02_14_16_39_41#CSV5,csv_spectrum,2,train
/Users/charleneleung/Documents/dkfz/data/Cat_Pig/Cat_atlas_deox/Cat_0007_kidney_stas/data/P095_OP059_2021_05_02_Experiment1/2021_05_02_13_49_17/_hypergui_1/spectrum_fromCSV1_(500.0-995.0)_masked_data_0_derivative.csv,stas,P095,2021_05_02_13_49_17,P095#2021_05_02_13_49_17#CSV1,csv_spectrum,2,train
/Users/charleneleung/Documents/dkfz/data/Cat_Pig/Cat_atlas_deox/Cat_0007_kidney_stas/data/P095_OP059_2021_05_02_Experiment1/2021_05_02_13_49_17/_hypergui_1/spectrum_fromCSV5_(500.0-995.0)_masked_data_0_derivative.csv,stas,P095,2021_05_02_13_49_17,P095#2021_05_02_13_49_17#CSV5,csv_spectrum,2,train
/Users/charleneleung/Documents/dkfz/data/Cat_Pig/Cat_atlas_deox/Cat_0007_kidney_stas/data/P095_OP059_2021_05_02_Experiment1/2021_05_02_13_49_47/_hypergui_1/spectrum_fromCSV1_(500.0-995.0)_masked_data_0_derivative.csv,stas,P095,2021_05_02_13_49_47,P095#2021_05_02_13_49_47#CSV1,csv_spectrum,2,train
/Users/charleneleung/Documents/dkfz/data/Cat_Pig/Cat_atlas_deox/Cat_0007_kidney_stas/data/P095_OP059_2021_05_02_Experiment1/2021_05_02_13_49_47/_hypergui_1/spectrum_fromCSV5_(500.0-995.0)_masked_data_0_derivative.csv,stas,P095,2021_05_02_13_49_47,P095#2021_05_02_13_49_47#CSV5,csv_spectrum,2,train
/Users/charleneleung/Documents/dkfz/data/Cat_Pig/Cat_atlas_deox/Cat_0007_kidney_stas/data/P095_OP059_2021_05_02_Experiment1/2021_05_02_14_01_55/_hypergui_1/spectrum_fromCSV1_(500.0-995.0)_masked_data_0_derivative.csv,stas,P095,2021_05_02_14_01_55,P095#2021_05_02_14_01_55#CSV1,csv_spectrum,2,train
/Users/charleneleung/Documents/dkfz/data/Cat_Pig/Cat_atlas_deox/Cat_0007_kidney_stas/data/P095_OP059_2021_05_02_Experiment1/2021_05_02_14_01_55/_hypergui_1/spectrum_fromCSV5_(500.0-995.0)_masked_data_0_derivative.csv,stas,P095,2021_05_02_14_01_55,P095#2021_05_02_14_01_55#CSV5,csv_spectrum,2,train
/Users/charleneleung/Documents/dkfz/data/Cat_Pig/Cat_atlas_deox/Cat_0007_kidney_stas/data/P095_OP059_2021_05_02_Experiment1/2021_05_02_14_02_25/_hypergui_1/spectrum_fromCSV1_(500.0-995.0)_masked_data_0_derivative.csv,stas,P095,2021_05_02_14_02_25,P095#2021_05_02_14_02_25#CSV1,csv_spectrum,2,train
/Users/charleneleung/Documents/dkfz/data/Cat_Pig/Cat_atlas_deox/Cat_0007_kidney_stas/data/P095_OP059_2021_05_02_Experiment1/2021_05_02_14_02_25/_hypergui_1/spectrum_fromCSV5_(500.0-995.0)_masked_data_0_derivative.csv,stas,P095,2021_05_02_14_02_25,P095#2021_05_02_14_02_25#CSV5,csv_spectrum,2,train
/Users/charleneleung/Documents/dkfz/data/Cat_Pig/Cat_atlas_deox/Cat_0007_kidney_stas/data/P095_OP059_2021_05_02_Experiment1/2021_05_02_15_46_11/_hypergui_1/spectrum_fromCSV1_(500.0-995.0)_masked_data_0_derivative.csv,stas,P095,2021_05_02_15_46_11,P095#2021_05_02_15_46_11#CSV1,csv_spectrum,2,train
/Users/charleneleung/Documents/dkfz/data/Cat_Pig/Cat_atlas_deox/Cat_0007_kidney_stas/data/P095_OP059_2021_05_02_Experiment1/2021_05_02_15_46_11/_hypergui_1/spectrum_fromCSV5_(500.0-995.0)_masked_data_0_derivative.csv,stas,P095,2021_05_02_15_46_11,P095#2021_05_02_15_46_11#CSV5,csv_spectrum,2,train
/Users/charleneleung/Documents/dkfz/data/Cat_Pig/Cat_atlas_deox/Cat_0007_kidney_stas/data/P095_OP059_2021_05_02_Experiment1/2021_05_02_15_59_16/_hypergui_1/spectrum_fromCSV1_(500.0-995.0)_masked_data_0_derivative.csv,stas,P095,2021_05_02_15_59_16,P095#2021_05_02_15_59_16#CSV1,csv_spectrum,2,train
/Users/charleneleung/Documents/dkfz/data/Cat_Pig/Cat_atlas_deox/Cat_0007_kidney_stas/data/P095_OP059_2021_05_02_Experiment1/2021_05_02_15_59_16/_hypergui_1/spectrum_fromCSV5_(500.0-995.0)_masked_data_0_derivative.csv,stas,P095,2021_05_02_15_59_16,P095#2021_05_02_15_59_16#CSV5,csv_spectrum,2,train
/Users/charleneleung/Documents/dkfz/data/Cat_Pig/Cat_atlas_deox/Cat_0007_kidney_stas/data/P095_OP059_2021_05_02_Experiment1/2021_05_02_15_59_46/_hypergui_1/spectrum_fromCSV1_(500.0-995.0)_masked_data_0_derivative.csv,stas,P095,2021_05_02_15_59_46,P095#2021_05_02_15_59_46#CSV1,csv_spectrum,2,train
/Users/charleneleung/Documents/dkfz/data/Cat_Pig/Cat_atlas_deox/Cat_0007_kidney_stas/data/P095_OP059_2021_05_02_Experiment1/2021_05_02_15_59_46/_hypergui_1/spectrum_fromCSV5_(500.0-995.0)_masked_data_0_derivative.csv,stas,P095,2021_05_02_15_59_46,P095#2021_05_02_15_59_46#CSV5,csv_spectrum,2,train
/Users/charleneleung/Documents/dkfz/data/Cat_Pig/Cat_atlas_deox/Cat_0007_kidney_stas/data/P098_OP062_2021_07_06_Experiment1/2021_07_06_13_30_09/_hypergui_1/spectrum_fromCSV1_(500.0-995.0)_masked_data_0_derivative.csv,stas,P098,2021_07_06_13_30_09,P098#2021_07_06_13_30_09#CSV1,csv_spectrum,2,train
/Users/charleneleung/Documents/dkfz/data/Cat_Pig/Cat_atlas_deox/Cat_0007_kidney_stas/data/P098_OP062_2021_07_06_Experiment1/2021_07_06_13_30_09/_hypergui_1/spectrum_fromCSV5_(500.0-995.0)_masked_data_0_derivative.csv,stas,P098,2021_07_06_13_30_09,P098#2021_07_06_13_30_09#CSV5,csv_spectrum,2,train
/Users/charleneleung/Documents/dkfz/data/Cat_Pig/Cat_atlas_deox/Cat_0007_kidney_stas/data/P098_OP062_2021_07_06_Experiment1/2021_07_06_13_30_39/_hypergui_1/spectrum_fromCSV1_(500.0-995.0)_masked_data_0_derivative.csv,stas,P098,2021_07_06_13_30_39,P098#2021_07_06_13_30_39#CSV1,csv_spectrum,2,train
/Users/charleneleung/Documents/dkfz/data/Cat_Pig/Cat_atlas_deox/Cat_0007_kidney_stas/data/P098_OP062_2021_07_06_Experiment1/2021_07_06_13_30_39/_hypergui_1/spectrum_fromCSV5_(500.0-995.0)_masked_data_0_derivative.csv,stas,P098,2021_07_06_13_30_39,P098#2021_07_06_13_30_39#CSV5,csv_spectrum,2,train
/Users/charleneleung/Documents/dkfz/data/Cat_Pig/Cat_atlas_deox/Cat_0007_kidney_stas/data/P098_OP062_2021_07_06_Experiment1/2021_07_06_13_31_10/_hypergui_1/spectrum_fromCSV1_(500.0-995.0)_masked_data_0_derivative.csv,stas,P098,2021_07_06_13_31_10,P098#2021_07_06_13_31_10#CSV1,csv_spectrum,2,train
/Users/charleneleung/Documents/dkfz/data/Cat_Pig/Cat_atlas_deox/Cat_0007_kidney_stas/data/P098_OP062_2021_07_06_Experiment1/2021_07_06_13_31_10/_hypergui_1/spectrum_fromCSV5_(500.0-995.0)_masked_data_0_derivative.csv,stas,P098,2021_07_06_13_31_10,P098#2021_07_06_13_31_10#CSV5,csv_spectrum,2,train
/Users/charleneleung/Documents/dkfz/data/Cat_Pig/Cat_atlas_deox/Cat_0007_kidney_stas/data/P098_OP062_2021_07_06_Experiment1/2021_07_06_13_51_12/_hypergui_1/spectrum_fromCSV1_(500.0-995.0)_masked_data_0_derivative.csv,stas,P098,2021_07_06_13_51_12,P098#2021_07_06_13_51_12#CSV1,csv_spectrum,2,train
/Users/charleneleung/Documents/dkfz/data/Cat_Pig/Cat_atlas_deox/Cat_0007_kidney_stas/data/P098_OP062_2021_07_06_Experiment1/2021_07_06_13_51_12/_hypergui_1/spectrum_fromCSV5_(500.0-995.0)_masked_data_0_derivative.csv,stas,P098,2021_07_06_13_51_12,P098#2021_07_06_13_51_12#CSV5,csv_spectrum,2,train
/Users/charleneleung/Documents/dkfz/data/Cat_Pig/Cat_atlas_deox/Cat_0007_kidney_stas/data/P098_OP062_2021_07_06_Experiment1/2021_07_06_13_51_42/_hypergui_1/spectrum_fromCSV1_(500.0-995.0)_masked_data_0_derivative.csv,stas,P098,2021_07_06_13_51_42,P098#2021_07_06_13_51_42#CSV1,csv_spectrum,2,train
/Users/charleneleung/Documents/dkfz/data/Cat_Pig/Cat_atlas_deox/Cat_0007_kidney_stas/data/P098_OP062_2021_07_06_Experiment1/2021_07_06_13_51_42/_hypergui_1/spectrum_fromCSV5_(500.0-995.0)_masked_data_0_derivative.csv,stas,P098,2021_07_06_13_51_42,P098#2021_07_06_13_51_42#CSV5,csv_spectrum,2,train
/Users/charleneleung/Documents/dkfz/data/Cat_Pig/Cat_atlas_deox/Cat_0007_kidney_stas/data/P098_OP062_2021_07_06_Experiment1/2021_07_06_13_52_12/_hypergui_1/spectrum_fromCSV1_(500.0-995.0)_masked_data_0_derivative.csv,stas,P098,2021_07_06_13_52_12,P098#2021_07_06_13_52_12#CSV1,csv_spectrum,2,train
/Users/charleneleung/Documents/dkfz/data/Cat_Pig/Cat_atlas_deox/Cat_0007_kidney_stas/data/P098_OP062_2021_07_06_Experiment1/2021_07_06_13_52_12/_hypergui_1/spectrum_fromCSV5_(500.0-995.0)_masked_data_0_derivative.csv,stas,P098,2021_07_06_13_52_12,P098#2021_07_06_13_52_12#CSV5,csv_spectrum,2,train
/Users/charleneleung/Documents/dkfz/data/Cat_Pig/Cat_atlas_deox/Cat_0007_kidney_stas/data/P098_OP062_2021_07_06_Experiment1/2021_07_06_15_12_19/_hypergui_1/spectrum_fromCSV1_(500.0-995.0)_masked_data_0_derivative.csv,stas,P098,2021_07_06_15_12_19,P098#2021_07_06_15_12_19#CSV1,csv_spectrum,2,train
/Users/charleneleung/Documents/dkfz/data/Cat_Pig/Cat_atlas_deox/Cat_0007_kidney_stas/data/P098_OP062_2021_07_06_Experiment1/2021_07_06_15_12_19/_hypergui_1/spectrum_fromCSV5_(500.0-995.0)_masked_data_0_derivative.csv,stas,P098,2021_07_06_15_12_19,P098#2021_07_06_15_12_19#CSV5,csv_spectrum,2,train
/Users/charleneleung/Documents/dkfz/data/Cat_Pig/Cat_atlas_deox/Cat_0007_kidney_stas/data/P098_OP062_2021_07_06_Experiment1/2021_07_06_15_12_49/_hypergui_1/spectrum_fromCSV1_(500.0-995.0)_masked_data_0_derivative.csv,stas,P098,2021_07_06_15_12_49,P098#2021_07_06_15_12_49#CSV1,csv_spectrum,2,train
/Users/charleneleung/Documents/dkfz/data/Cat_Pig/Cat_atlas_deox/Cat_0007_kidney_stas/data/P098_OP062_2021_07_06_Experiment1/2021_07_06_15_12_49/_hypergui_1/spectrum_fromCSV5_(500.0-995.0)_masked_data_0_derivative.csv,stas,P098,2021_07_06_15_12_49,P098#2021_07_06_15_12_49#CSV5,csv_spectrum,2,train
/Users/charleneleung/Documents/dkfz/data/Cat_Pig/Cat_atlas_deox/Cat_0007_kidney_stas/data/P098_OP062_2021_07_06_Experiment1/2021_07_06_15_49_37/_hypergui_1/spectrum_fromCSV1_(500.0-995.0)_masked_data_0_derivative.csv,stas,P098,2021_07_06_15_49_37,P098#2021_07_06_15_49_37#CSV1,csv_spectrum,2,train
/Users/charleneleung/Documents/dkfz/data/Cat_Pig/Cat_atlas_deox/Cat_0007_kidney_stas/data/P098_OP062_2021_07_06_Experiment1/2021_07_06_15_49_37/_hypergui_1/spectrum_fromCSV5_(500.0-995.0)_masked_data_0_derivative.csv,stas,P098,2021_07_06_15_49_37,P098#2021_07_06_15_49_37#CSV5,csv_spectrum,2,train
